,id_collectivity,department_code,department_name,collectivity,type_collectivity,respondent_job
0,0,01,Ain,CC du Pays Bellegardien,EPCI,Président d’EPCI
1,1,01,Ain,Perrex,Commune,Maire
2,2,01,Ain,Servas,Commune,Maire
3,3,01,Ain,Saint-Jean-sur-Reyssouze,Commune,Maire
4,4,01,Ain,Saint-Trivier-sur-Moignans,Commune,Maire
5,5,01,Ain,Revonnas,Commune,Maire
6,6,02,Aisne,Beaurevoir,Commune,Adjoint au maire
7,7,02,Aisne,Blesmes,Commune,Adjoint au maire
8,8,02,Aisne,Indéterminé,,Maire
9,9,02,Aisne,VALOR AISNE SYNDICAT DEPARTEMENTAL DE TRAITEMENT DES,,Président d’une collectivité à statut particulier
10,10,02,Aisne,Soissons,Commune,Autre
11,11,02,Aisne,CA du Saint-Quentinois,EPCI,Président d’EPCI
12,12,02,Aisne,Estrées,Commune,Maire
13,13,03,Allier,Châtel-Montagne,Commune,Maire
14,14,03,Allier,Villebret,Commune,Maire
15,15,03,Allier,Saint-Yorre,Commune,Maire
16,16,03,Allier,Saint-Hilaire,Commune,Maire
17,17,03,Allier,Indéterminé,,Maire
18,18,03,Allier,Indéterminé,,Maire
19,19,04,Alpes-de-Haute-Provence,Ganagobie,Commune,Maire
20,20,04,Alpes-de-Haute-Provence,Peyroules,Commune,Maire
21,21,04,Alpes-de-Haute-Provence,Montclar,Commune,Maire
22,22,04,Alpes-de-Haute-Provence,CA Provence-Alpes-Agglomération,EPCI,Autre
23,23,06,Alpes-Maritimes,Villeneuve-Loubet,Commune,Maire
24,24,06,Alpes-Maritimes,Tournefort,Commune,Maire
25,25,06,Alpes-Maritimes,Saint-Martin-Vésubie,Commune,Autre
26,26,06,Alpes-Maritimes,La Turbie,Commune,Maire
27,27,06,Alpes-Maritimes,Gilette,Commune,Maire
28,28,06,Alpes-Maritimes,Venanson,Commune,Maire
29,29,06,Alpes-Maritimes,Indéterminé,,Autre
30,30,06,Alpes-Maritimes,Roquebillière,Commune,Autre
31,31,06,Alpes-Maritimes,Duranus,Commune,Maire
32,32,07,Ardèche,Vernosc-lès-Annonay,Commune,Maire
33,33,07,Ardèche,Indéterminé,,Autre
34,34,07,Ardèche,Vals-les-Bains,Commune,Autre
35,35,07,Ardèche,Empurany,Commune,Maire
36,36,07,Ardèche,Lalevade-d’Ardèche,Commune,Maire
37,37,07,Ardèche,Saint-Étienne-de-Fontbellon,Commune,Maire
38,38,07,Ardèche,Chassiers,Commune,Adjoint au maire
39,39,07,Ardèche,SM DU BASSIN VERSANT DU DOUX,Syndicat,Président d’une collectivité à statut particulier
40,40,08,Ardennes,Montgon,Commune,Maire
41,41,08,Ardennes,Sormonne,Commune,Maire
42,42,08,Ardennes,Alincourt,Commune,Maire
43,43,08,Ardennes,Thin-le-Moutier,Commune,Maire
44,44,09,Ariège,Erp,Commune,Adjoint au maire
45,45,09,Ariège,Pamiers,Commune,Conseiller municipal
46,46,09,Ariège,"SYNDICAT MIXTE D’ETUDE, DE COLLECTE ET DE TRAITEMENT",,Président d’EPCI
47,47,09,Ariège,Rieux-de-Pelleport,Commune,Maire
48,48,09,Ariège,Varilhes,Commune,Maire
49,49,09,Ariège,Indéterminé,,Maire
50,50,09,Ariège,Bénac,Commune,Maire
51,51,10,Aube,Plaines-Saint-Lange,Commune,Maire
52,52,10,Aube,Indéterminé,,Maire
53,53,10,Aube,Chalette-sur-Voire,Commune,Maire
54,54,10,Aube,Chervey,Commune,Maire
55,55,10,Aube,Champignol-lez-Mondeville,Commune,Maire
56,56,10,Aube,La Vendue-Mignot,Commune,Maire
57,57,10,Aube,Dosnon,Commune,Maire
58,58,11,Aude,Bram,Commune,Autre
59,59,11,Aude,Preixan,Commune,Maire
60,60,11,Aude,Laurabuc,Commune,Maire
61,61,12,Aveyron,Cassuéjouls,Commune,Maire
62,62,12,Aveyron,Saint-Christophe-Vallon,Commune,Maire
63,63,13,Bouches-du-Rhône,Coudoux,Commune,Maire
64,64,13,Bouches-du-Rhône,Saint-Mitre-les-Remparts,Commune,Maire
65,65,14,Calvados,Isigny-sur-Mer,Commune,Maire
66,66,14,Calvados,Les Isles-Bardel,Commune,Maire
67,67,14,Calvados,Juaye-Mondaye,Commune,Maire
68,68,14,Calvados,Condé-en-Normandie,Commune,Maire
69,69,14,Calvados,Barbeville,Commune,Maire
70,70,14,Calvados,Avenay,Commune,Maire
71,71,14,Calvados,Mondeville,Commune,Autre
72,72,14,Calvados,Mosles,Commune,Maire
73,73,15,Cantal,Arpajon-sur-Cère,Commune,Maire
74,74,15,Cantal,Ladinhac,Commune,Maire
75,75,15,Cantal,Riom-ès-Montagnes,Commune,Maire
76,76,16,Charente,La Rochefoucauld-en-Angoumois,Commune,Maire
77,77,16,Charente,SM DU BASSIN VERSANT DU NE,Syndicat,Maire
78,78,16,Charente,Garat,Commune,Maire
79,79,17,Charente-Maritime,Nieulle-sur-Seudre,Commune,Maire
80,80,17,Charente-Maritime,Indéterminé,,Conseiller municipal
81,81,17,Charente-Maritime,Anais,Commune,Maire
82,82,17,Charente-Maritime,Saint-Laurent-de-la-Prée,Commune,Maire
83,83,17,Charente-Maritime,Chadenac,Commune,Maire
84,84,17,Charente-Maritime,Chartuzac,Commune,Maire
85,85,17,Charente-Maritime,Genouillé,Commune,Maire
86,86,18,Cher,Trouy,Commune,Maire
87,87,18,Cher,Le Chautay,Commune,Maire
88,88,18,Cher,Saint-Céols,Commune,Maire
89,89,19,Corrèze,Beaulieu-sur-Dordogne,Commune,Maire
90,90,2B,Haute-Corse,Ventiseri,Commune,Maire
91,91,2B,Haute-Corse,San-Gavino-di-Tenda,Commune,Maire
92,92,21,Côte-d’Or,Chaignay,Commune,Maire
93,93,22,Côtes-d’Armor,Saint-Adrien,Commune,Maire
94,94,22,Côtes-d’Armor,Kerbors,Commune,Maire
95,95,22,Côtes-d’Armor,Pontrieux,Commune,Maire
96,96,22,Côtes-d’Armor,SYNDICAT DEPARTEMENTAL D’ENERGIE DES COTES D’ARMOR,,Autre
97,97,22,Côtes-d’Armor,Dinan,Commune,Maire
98,98,22,Côtes-d’Armor,Uzel,Commune,Maire
99,99,23,Creuse,Lioux-les-Monges,Commune,Adjoint au maire
100,100,23,Creuse,Guéret,Commune,Autre
101,101,23,Creuse,Malleret-Boussac,Commune,Maire
102,102,23,Creuse,Tercillat,Commune,Maire
103,103,23,Creuse,Aubusson,Commune,Autre
104,104,24,Dordogne,Beynac-et-Cazenac,Commune,Maire
105,105,24,Dordogne,Beauregard-de-Terrasson,Commune,Maire
106,106,24,Dordogne,Prigonrieux,Commune,Maire
107,107,25,Doubs,Vercel-Villedieu-le-Camp,Commune,Maire
108,108,25,Doubs,Franois,Commune,Maire
109,109,25,Doubs,Maîche,Commune,Maire
110,110,25,Doubs,Buffard,Commune,Maire
111,111,25,Doubs,CU Grand Besançon Métropole,EPCI,Autre
112,112,26,Drôme,Donzère,Commune,Autre
113,113,26,Drôme,Gigors-et-Lozeron,Commune,Maire
114,114,26,Drôme,Indéterminé,,Maire
115,115,26,Drôme,Portes-lès-Valence,Commune,Autre
116,116,26,Drôme,Malataverne,Commune,Maire
117,117,26,Drôme,CA Valence Romans Agglo,EPCI,Autre
118,118,28,Eure-et-Loir,La Bourdinière-Saint-Loup,Commune,Maire
119,119,28,Eure-et-Loir,Roinville,Commune,Maire
120,120,28,Eure-et-Loir,Maisons,Commune,Maire
121,121,29,Finistère,La Martyre,Commune,Maire
122,122,29,Finistère,Plougonven,Commune,Maire
123,123,29,Finistère,Cléden-Cap-Sizun,Commune,Maire
124,124,30,Gard,Brignon,Commune,Maire
125,125,30,Gard,Jonquières-Saint-Vincent,Commune,Adjoint au maire
126,126,30,Gard,Théziers,Commune,Autre
127,127,30,Gard,CC Beaucaire Terre d’Argence,EPCI,Président d’EPCI
128,128,30,Gard,Les Plans,Commune,Maire
129,129,30,Gard,Saint-Jean-du-Gard,Commune,Adjoint au maire
130,130,30,Gard,Vauvert,Commune,Autre
131,131,30,Gard,Sommières,Commune,Maire
132,132,31,Haute-Garonne,Labarthe-Rivière,Commune,Maire
133,133,31,Haute-Garonne,SYNDICAT DEPARTEMENTAL D’ENERGIE DE LA HAUTE-,,Président d’EPCI
134,134,31,Haute-Garonne,Saint-Julia,Commune,Maire
135,135,31,Haute-Garonne,Roques,Commune,Maire
136,136,31,Haute-Garonne,Blagnac,Commune,Maire
137,137,31,Haute-Garonne,Saint-Alban,Commune,Maire
138,138,31,Haute-Garonne,Issus,Commune,Maire
139,139,31,Haute-Garonne,Sarremezan,Commune,Maire
140,140,32,Gers,Eauze,Commune,Autre
141,141,32,Gers,CC du Saves,EPCI,Maire
142,142,32,Gers,Montégut-Arros,Commune,Maire
143,143,32,Gers,L’Isle-de-Noé,Commune,Adjoint au maire
144,144,32,Gers,Marsolan,Commune,Maire
145,145,33,Gironde,Saint-Laurent-d’Arce,Commune,Maire
146,146,33,Gironde,Audenge,Commune,Conseiller municipal
147,147,33,Gironde,Léogeats,Commune,Maire
148,148,33,Gironde,Gauriac,Commune,Maire
149,149,33,Gironde,Lormont,Commune,Maire
150,150,33,Gironde,Créon,Commune,Autre
151,151,33,Gironde,Salles,Commune,Maire
152,152,33,Gironde,CC de Blaye,EPCI,Maire
153,153,33,Gironde,Lesparre-Médoc,Commune,Autre
154,154,33,Gironde,Indéterminé,,Maire
155,155,33,Gironde,Avensan,Commune,Conseiller municipal
156,156,34,Hérault,Indéterminé,,Maire
157,157,34,Hérault,La Grande-Motte,Commune,Autre
158,158,34,Hérault,Cers,Commune,Maire
159,159,34,Hérault,SMICTOM PEZENAS-AGDE,Syndicat,Autre
160,160,34,Hérault,Tressan,Commune,Maire
161,161,34,Hérault,Taussac-la-Billière,Commune,Maire
162,162,34,Hérault,Fouzilhon,Commune,Maire
163,163,34,Hérault,Saint-Clément-de-Rivière,Commune,Maire
164,164,34,Hérault,Colombiers,Commune,Autre
165,165,34,Hérault,Roquessels,Commune,Maire
166,166,34,Hérault,Capestang,Commune,Autre
167,167,34,Hérault,Lauret,Commune,Autre
168,168,34,Hérault,Roujan,Commune,Maire
169,169,34,Hérault,Castelnau-le-Lez,Commune,Maire
170,170,34,Hérault,Ganges,Commune,Autre
171,171,34,Hérault,Indéterminé,,Maire
172,172,34,Hérault,Bédarieux,Commune,Maire
173,173,34,Hérault,Canet,Commune,Maire
174,174,35,Ille-et-Vilaine,Saint-Domineuc,Commune,Maire
175,175,35,Ille-et-Vilaine,Guignen,Commune,Conseiller municipal
176,176,35,Ille-et-Vilaine,SMICTOM VALCOBREIZH,Syndicat,Vice-président d’EPCI
177,177,35,Ille-et-Vilaine,Guichen,Commune,Autre
178,178,35,Ille-et-Vilaine,Indéterminé,,Maire
179,179,35,Ille-et-Vilaine,Guipry-Messac,Commune,Autre
180,180,35,Ille-et-Vilaine,La Fresnais,Commune,Maire
181,181,35,Ille-et-Vilaine,Bréal-sous-Montfort,Commune,Président d’EPCI
182,182,36,Indre,Heugnes,Commune,Maire
183,183,37,Indre-et-Loire,Montreuil-en-Touraine,Commune,Maire
184,184,37,Indre-et-Loire,Indéterminé,,Maire
185,185,37,Indre-et-Loire,Sainte-Catherine-de-Fierbois,Commune,Maire
186,186,37,Indre-et-Loire,Semblançay,Commune,Adjoint au maire
187,187,38,Isère,Saint-Martin-d’Uriage,Commune,Maire
188,188,38,Isère,La Bâtie-Montgascon,Commune,Maire
189,189,38,Isère,Anthon,Commune,Maire
190,190,38,Isère,Val-de-Virieu,Commune,Maire
191,191,38,Isère,Sérézin-de-la-Tour,Commune,Maire
192,192,38,Isère,Rencurel,Commune,Maire
193,193,38,Isère,Saint-Maurice-l’Exil,Commune,Maire
194,194,38,Isère,Succieu,Commune,Maire
195,195,38,Isère,Le Champ-près-Froges,Commune,Adjoint au maire
196,196,38,Isère,Le Passage,Commune,Maire
197,197,38,Isère,Moras,Commune,Maire
198,198,38,Isère,Chuzelles,Commune,Maire
199,199,38,Isère,Villard-Saint-Christophe,Commune,Maire
200,200,38,Isère,Grenoble-Alpes-Métropole,EPCI,Autre
201,201,38,Isère,Oyeu,Commune,Maire
202,202,38,Isère,Indéterminé,,Maire
203,203,38,Isère,Têche,Commune,Maire
204,204,38,Isère,Montbonnot-Saint-Martin,Commune,Maire
205,205,38,Isère,Varces-Allières-et-Risset,Commune,Autre
206,206,38,Isère,Morestel,Commune,Maire
207,207,38,Isère,Vaulnaveys-le-Haut,Commune,Maire
208,208,38,Isère,Froges,Commune,Autre
209,209,38,Isère,Vif,Commune,Autre
210,210,39,Jura,Indéterminé,,Maire
211,211,39,Jura,Cesancey,Commune,Maire
212,212,39,Jura,Arbois,Commune,Maire
213,213,40,Landes,Labenne,Commune,Maire
214,214,40,Landes,SYND TRAIT ORDUR MENAG COTE SUD LANDES,Syndicat,Adjoint au maire
215,215,40,Landes,Momuy,Commune,Maire
216,216,41,Loir-et-Cher,Naveil,Commune,Maire
217,217,41,Loir-et-Cher,Mesland,Commune,Maire
218,218,41,Loir-et-Cher,CA de Blois Agglopolys,EPCI,Autre
219,219,41,Loir-et-Cher,Saint-Julien-sur-Cher,Commune,Maire
220,220,41,Loir-et-Cher,Saint-Sulpice-de-Pommeray,Commune,Adjoint au maire
221,221,41,Loir-et-Cher,CA Territoires Vendômois,EPCI,Président d’EPCI
222,222,42,Loire,Valfleury,Commune,Maire
223,223,42,Loire,Chenereilles,Commune,Maire
224,224,42,Loire,Saint-Denis-de-Cabanne,Commune,Maire
225,225,42,Loire,Indéterminé,,Maire
226,226,42,Loire,Estivareilles,Commune,Maire
227,227,42,Loire,Roanne,Commune,Président d’EPCI
228,228,42,Loire,Sainte-Croix-en-Jarez,Commune,Maire
229,229,42,Loire,Sainte-Colombe-sur-Gand,Commune,Maire
230,230,43,Haute-Loire,Saint-Julien-Molhesabate,Commune,Maire
231,231,43,Haute-Loire,Sanssac-l’Église,Commune,Maire
232,232,44,Loire-Atlantique,Rezé,Commune,Adjoint au maire
233,233,44,Loire-Atlantique,Remouillé,Commune,Maire
234,234,44,Loire-Atlantique,Indéterminé,,Maire
235,235,44,Loire-Atlantique,Montoir-de-Bretagne,Commune,Maire
236,236,44,Loire-Atlantique,Mouzeil,Commune,Maire
237,237,44,Loire-Atlantique,Saint-Léger-les-Vignes,Commune,Maire
238,238,44,Loire-Atlantique,Mouzillon,Commune,Maire
239,239,45,Loiret,Saint-Martin-d’Abbat,Commune,Maire
240,240,45,Loiret,Indéterminé,,Adjoint au maire
241,241,45,Loiret,Chevry-sous-le-Bignon,Commune,Maire
242,242,45,Loiret,Germigny-des-Prés,Commune,Maire
243,243,46,Lot,Miers,Commune,Conseiller départemental
244,244,46,Lot,Indéterminé,,Président d’EPCI
245,245,46,Lot,Indéterminé,,Autre
246,246,47,Lot-et-Garonne,Lavardac,Commune,Maire
247,247,48,Lozère,Ispagnac,Commune,Maire
248,248,49,Maine-et-Loire,Grez-Neuville,Commune,Maire
249,249,49,Maine-et-Loire,Indéterminé,,Maire
250,250,49,Maine-et-Loire,Angers,Commune,Conseiller municipal
251,251,49,Maine-et-Loire,Varrains,Commune,Adjoint au maire
252,252,49,Maine-et-Loire,Indéterminé,,Maire
253,253,49,Maine-et-Loire,Longuenée-en-Anjou,Commune,Maire
254,254,49,Maine-et-Loire,Mauges-sur-Loire,Commune,Adjoint au maire
255,255,49,Maine-et-Loire,Montrevault-sur-Èvre,Commune,Maire
256,256,50,Manche,Saint-Lô,Commune,Maire
257,257,51,Marne,Indéterminé,,Maire
258,258,51,Marne,Gueux,Commune,Adjoint au maire
259,259,51,Marne,Prunay,Commune,Maire
260,260,52,Haute-Marne,Vesvres-sous-Chalancey,Commune,Maire
261,261,53,Mayenne,Entrammes,Commune,Maire
262,262,53,Mayenne,La Roche-Neuville,Commune,Maire
263,263,54,Meurthe-et-Moselle,Ludres,Commune,Maire
264,264,54,Meurthe-et-Moselle,Custines,Commune,Maire
265,265,54,Meurthe-et-Moselle,CC Meurthe Mortagne Moselle,EPCI,Président d’EPCI
266,266,54,Meurthe-et-Moselle,Indéterminé,,Autre
267,267,54,Meurthe-et-Moselle,Parey-Saint-Césaire,Commune,Maire
268,268,54,Meurthe-et-Moselle,Hériménil,Commune,Maire
269,269,54,Meurthe-et-Moselle,Vallois,Commune,Maire
270,270,54,Meurthe-et-Moselle,Brouville,Commune,Maire
271,271,54,Meurthe-et-Moselle,Maidières,Commune,Maire
272,272,54,Meurthe-et-Moselle,Murville,Commune,Maire
273,273,54,Meurthe-et-Moselle,Laxou,Commune,Maire
274,274,54,Meurthe-et-Moselle,Indéterminé,,Maire
275,275,54,Meurthe-et-Moselle,Seranville,Commune,Maire
276,276,54,Meurthe-et-Moselle,Deneuvre,Commune,Maire
277,277,54,Meurthe-et-Moselle,Francheville,Commune,Maire
278,278,54,Meurthe-et-Moselle,Vacqueville,Commune,Maire
279,279,54,Meurthe-et-Moselle,CC Terres Touloises,EPCI,Autre
280,280,54,Meurthe-et-Moselle,Doncourt-lès-Conflans,Commune,Maire
281,281,54,Meurthe-et-Moselle,Tiercelet,Commune,Adjoint au maire
282,282,54,Meurthe-et-Moselle,Pulnoy,Commune,Autre
283,283,54,Meurthe-et-Moselle,Jaillon,Commune,Maire
284,284,54,Meurthe-et-Moselle,Tomblaine,Commune,Maire
285,285,54,Meurthe-et-Moselle,Champey-sur-Moselle,Commune,Maire
286,286,54,Meurthe-et-Moselle,Gripport,Commune,Maire
287,287,54,Meurthe-et-Moselle,Essey-et-Maizerais,Commune,Maire
288,288,54,Meurthe-et-Moselle,Champenoux,Commune,Maire
289,289,54,Meurthe-et-Moselle,Bettainvillers,Commune,Maire
290,290,54,Meurthe-et-Moselle,Mont-Saint-Martin,Commune,Autre
291,291,54,Meurthe-et-Moselle,SI DES EAUX DE LA VALLEE DE L’ORNE “ORNE AVAL”,Syndicat,Président d’EPCI
292,292,54,Meurthe-et-Moselle,Dommartemont,Commune,Autre
293,293,54,Meurthe-et-Moselle,Richardménil,Commune,Maire
294,294,55,Meuse,Le Claon,Commune,Maire
295,295,55,Meuse,Indéterminé,,Maire
296,296,55,Meuse,Rarécourt,Commune,Maire
297,297,55,Meuse,Kœur-la-Grande,Commune,Maire
298,298,55,Meuse,Indéterminé,,Maire
299,299,57,Moselle,Cattenom,Commune,Maire
300,300,57,Moselle,Marly,Commune,Maire
301,301,57,Moselle,Hayange,Commune,Maire
302,302,57,Moselle,Indéterminé,,Maire
303,303,57,Moselle,Lixing-lès-Rouhling,Commune,Adjoint au maire
304,304,57,Moselle,Talange,Commune,Autre
305,305,57,Moselle,Sorbey,Commune,Maire
306,306,57,Moselle,CA Saint-Avold Synergie,EPCI,Vice-président d’EPCI
307,307,57,Moselle,Audun-le-Tiche,Commune,Maire
308,308,57,Moselle,Elzange,Commune,Maire
309,309,57,Moselle,Hundling,Commune,Maire
310,310,57,Moselle,Saint-Avold,Commune,Autre
311,311,57,Moselle,Achen,Commune,Maire
312,312,57,Moselle,Roncourt,Commune,Maire
313,313,57,Moselle,Hettange-Grande,Commune,Maire
314,314,57,Moselle,Vieux-Lixheim,Commune,Maire
315,315,57,Moselle,Morville-sur-Nied,Commune,Maire
316,316,57,Moselle,Tromborn,Commune,Maire
317,317,57,Moselle,Fameck,Commune,Autre
318,318,57,Moselle,Bronvaux,Commune,Maire
319,319,57,Moselle,Peltre,Commune,Maire
320,320,57,Moselle,Xocourt,Commune,Maire
321,321,57,Moselle,Languimberg,Commune,Maire
322,322,57,Moselle,Freyming-Merlebach,Commune,Autre
323,323,57,Moselle,Desseling,Commune,Maire
324,324,58,Nièvre,Alligny-en-Morvan,Commune,Maire
325,325,58,Nièvre,Arquian,Commune,Maire
326,326,59,Nord,Bouvines,Commune,Adjoint au maire
327,327,59,Nord,Bermerain,Commune,Maire
328,328,59,Nord,Baisieux,Commune,Autre
329,329,59,Nord,Wattignies,Commune,Maire
330,330,59,Nord,CU de Dunkerque,EPCI,Autre
331,331,59,Nord,Houplines,Commune,Maire
332,332,59,Nord,Aniche,Commune,Autre
333,333,59,Nord,Flines-lès-Mortagne,Commune,Maire
334,334,59,Nord,Indéterminé,,Maire
335,335,59,Nord,Cuincy,Commune,Autre
336,336,59,Nord,Le Maisnil,Commune,Maire
337,337,59,Nord,Bailleul,Commune,Autre
338,338,59,Nord,Caudry,Commune,Autre
339,339,59,Nord,SYNDICAT MIXTE DE COLLECTE ET DE TRAITEMENT DES OR-,,Président d’EPCI
340,340,60,Oise,Andeville,Commune,Maire
341,341,60,Oise,Villers-sous-Saint-Leu,Commune,Adjoint au maire
342,342,60,Oise,Puiseux-en-Bray,Commune,Maire
343,343,60,Oise,Vendeuil-Caply,Commune,Maire
344,344,60,Oise,"SYNDICATMIXTEDUDEPARTEMENTDEL’OISE,POURLETRANS-",,Autre
345,345,61,Orne,Val-au-Perche,Commune,Maire
346,346,61,Orne,Bretoncelles,Commune,Maire
347,347,61,Orne,Chandai,Commune,Maire
348,348,61,Orne,La Motte-Fouquet,Commune,Maire
349,349,61,Orne,Saint-Georges-d’Annebecq,Commune,Maire
350,350,61,Orne,Cerisy-Belle-Étoile,Commune,Maire
351,351,61,Orne,Lougé-sur-Maire,Commune,Maire
352,352,61,Orne,Corbon,Commune,Maire
353,353,61,Orne,Écouves,Commune,Maire
354,354,62,Pas-de-Calais,Wingles,Commune,Autre
355,355,62,Pas-de-Calais,Blangy-sur-Ternoise,Commune,Maire
356,356,62,Pas-de-Calais,Indéterminé,,Autre
357,357,62,Pas-de-Calais,CC des 7 Vallées,EPCI,Autre
358,358,62,Pas-de-Calais,Frencq,Commune,Maire
359,359,62,Pas-de-Calais,Nempont-Saint-Firmin,Commune,Maire
360,360,63,Puy-de-Dôme,Marcillat,Commune,Conseiller municipal
361,361,63,Puy-de-Dôme,Surat,Commune,Maire
362,362,63,Puy-de-Dôme,Apchat,Commune,Maire
363,363,63,Puy-de-Dôme,Miremont,Commune,Maire
364,364,63,Puy-de-Dôme,Saint-Donat,Commune,Maire
365,365,63,Puy-de-Dôme,Saint-Nectaire,Commune,Maire
366,366,63,Puy-de-Dôme,Fayet-le-Château,Commune,Maire
367,367,63,Puy-de-Dôme,Vinzelles,Commune,Maire
368,368,63,Puy-de-Dôme,Saint-Bonnet-le-Bourg,Commune,Maire
369,369,64,Pyrénées-Atlantiques,Indéterminé,,Maire
370,370,64,Pyrénées-Atlantiques,Sarpourenx,Commune,Maire
371,371,64,Pyrénées-Atlantiques,Indéterminé,,Maire
372,372,65,Hautes-Pyrénées,Tournay,Commune,Maire
373,373,65,Hautes-Pyrénées,Estaing,Commune,Maire
374,374,65,Hautes-Pyrénées,Esbareich,Commune,Maire
375,375,65,Hautes-Pyrénées,Pouzac,Commune,Maire
376,376,65,Hautes-Pyrénées,Siarrouy,Commune,Maire
377,377,65,Hautes-Pyrénées,Saint-Lanne,Commune,Maire
378,378,65,Hautes-Pyrénées,Salles,Commune,Adjoint au maire
379,379,65,Hautes-Pyrénées,Indéterminé,,Autre
380,380,65,Hautes-Pyrénées,Azet,Commune,Maire
381,381,66,Pyrénées-Orientales,Saint-Génis-des-Fontaines,Commune,Maire
382,382,66,Pyrénées-Orientales,Théza,Commune,Conseiller communautaire
383,383,66,Pyrénées-Orientales,Maury,Commune,Maire
384,384,66,Pyrénées-Orientales,Baillestavy,Commune,Maire
385,385,67,Bas-Rhin,Mundolsheim,Commune,Autre
386,386,67,Bas-Rhin,Monswiller,Commune,Maire
387,387,67,Bas-Rhin,Beinheim,Commune,Adjoint au maire
388,388,67,Bas-Rhin,CC de la Vallée de Villé,EPCI,Président d’EPCI
389,389,67,Bas-Rhin,Seltz,Commune,Maire
390,390,67,Bas-Rhin,Rossfeld,Commune,Maire
391,391,67,Bas-Rhin,Indéterminé,,Maire
392,392,67,Bas-Rhin,Avolsheim,Commune,Maire
393,393,67,Bas-Rhin,Scherwiller,Commune,Président d’EPCI
394,394,67,Bas-Rhin,Uhlwiller,Commune,Maire
395,395,67,Bas-Rhin,Sermersheim,Commune,Maire
396,396,67,Bas-Rhin,Cosswiller,Commune,Maire
397,397,67,Bas-Rhin,Schiltigheim,Commune,Adjoint au maire
398,398,68,Haut-Rhin,Staffelfelden,Commune,Maire
399,399,68,Haut-Rhin,Masevaux-Niederbruck,Commune,Maire DELEGUE
400,400,68,Haut-Rhin,Illtal,Commune,Maire
401,401,68,Haut-Rhin,CC Sundgau,EPCI,Autre
402,402,68,Haut-Rhin,Indéterminé,,Maire
403,403,68,Haut-Rhin,Gundolsheim,Commune,Maire
404,404,68,Haut-Rhin,Hohrod,Commune,Maire
405,405,68,Haut-Rhin,Biltzheim,Commune,Maire
406,406,68,Haut-Rhin,Valdieu-Lutran,Commune,Maire
407,407,68,Haut-Rhin,Illzach,Commune,Maire
408,408,68,Haut-Rhin,Richwiller,Commune,Maire
409,409,68,Haut-Rhin,Riedisheim,Commune,Autre
410,410,68,Haut-Rhin,Battenheim,Commune,Maire
411,411,68,Haut-Rhin,Lièpvre,Commune,Maire
412,412,68,Haut-Rhin,Muntzenheim,Commune,Maire
413,413,68,Haut-Rhin,Ruederbach,Commune,Maire
414,414,68,Haut-Rhin,Blotzheim,Commune,Maire
415,415,68,Haut-Rhin,Griesbach-au-Val,Commune,Maire
416,416,68,Haut-Rhin,Oberlarg,Commune,Maire
417,417,68,Haut-Rhin,S.M.TRAITEMENT DECHETS MENAGERS SECTEUR4,Syndicat,Autre
418,418,68,Haut-Rhin,Dannemarie,Commune,Autre
419,419,68,Haut-Rhin,Wittelsheim,Commune,Maire
420,420,69,Rhône,Sourcieux-les-Mines,Commune,Maire
421,421,69,Rhône,Quincié-en-Beaujolais,Commune,Vice-président d’EPCI
422,422,69,Rhône,CC des Monts du Lyonnais,EPCI,Président d’EPCI
423,423,69,Rhône,Décines-Charpieu,Commune,Maire
424,424,69,Rhône,Indéterminé,,Autre
425,425,69,Rhône,Métropole de Lyon,EPCI,Vice-président d’EPCI
426,426,70,Haute-Saône,Vesoul,Commune,Maire
427,427,70,Haute-Saône,Le Val-Saint-Éloi,Commune,Maire
428,428,70,Haute-Saône,Bourguignon-lès-Conflans,Commune,Maire
429,429,71,Saône-et-Loire,Uchon,Commune,Maire
430,430,71,Saône-et-Loire,Indéterminé,,Maire
431,431,71,Saône-et-Loire,Verdun-sur-le-Doubs,Commune,Maire
432,432,71,Saône-et-Loire,Montceau-les-Mines,Commune,Autre
433,433,71,Saône-et-Loire,La Chapelle-sous-Dun,Commune,Maire
434,434,71,Saône-et-Loire,Anglure-sous-Dun,Commune,Maire
435,435,71,Saône-et-Loire,Indéterminé,,Maire
436,436,71,Saône-et-Loire,Sens-sur-Seille,Commune,Maire
437,437,71,Saône-et-Loire,Indéterminé,,Maire
438,438,71,Saône-et-Loire,Saint-Amour-Bellevue,Commune,Maire
439,439,71,Saône-et-Loire,Le Creusot,Commune,Maire
440,440,72,Sarthe,Le Lude,Commune,Maire
441,441,72,Sarthe,Saint-Jean-d’Assé,Commune,Maire
442,442,72,Sarthe,Les Mées,Commune,Maire
443,443,72,Sarthe,Cherré-Au,Commune,Maire
444,444,72,Sarthe,Sillé-le-Philippe,Commune,Maire
445,445,72,Sarthe,Parigné-l’Évêque,Commune,Maire
446,446,72,Sarthe,Mayet,Commune,Maire
447,447,72,Sarthe,Allonnes,Commune,Maire
448,448,73,Savoie,Avrieux,Commune,Maire
449,449,73,Savoie,Les Échelles,Commune,Maire
450,450,73,Savoie,SYNDICAT MIXTE DE L’ISERE ET DE L’ARC EN COMBE DE SAVOIE,,Maire
451,451,73,Savoie,Aillon-le-Jeune,Commune,Maire
452,452,73,Savoie,Chambéry,Commune,Adjoint au maire
453,453,73,Savoie,La Chapelle-du-Mont-du-Chat,Commune,Adjoint au maire
454,454,73,Savoie,La Ravoire,Commune,Adjoint au maire
455,455,73,Savoie,Saint-Jean-de-Maurienne,Commune,Autre
456,456,73,Savoie,CC Cœur de Maurienne Arvan,EPCI,Autre
457,457,73,Savoie,CA Grand Lac,EPCI,Autre
458,458,73,Savoie,Indéterminé,,Autre
459,459,73,Savoie,Villarembert,Commune,Maire
460,460,73,Savoie,Chamousset,Commune,Maire
461,461,73,Savoie,Sainte-Marie-d’Alvey,Commune,Maire
462,462,73,Savoie,CC des Vallées d’Aigueblanche,EPCI,Autre
463,463,74,Haute-Savoie,Étrembières,Commune,Adjoint au maire
464,464,74,Haute-Savoie,Indéterminé,,Adjoint au maire
465,465,74,Haute-Savoie,Lathuile,Commune,Maire
466,466,74,Haute-Savoie,Leschaux,Commune,Adjoint au maire
467,467,74,Haute-Savoie,Bons-en-Chablais,Commune,Maire
468,468,76,Seine-Maritime,Bierville,Commune,Maire
469,469,76,Seine-Maritime,Indéterminé,,Adjoint au maire
470,470,76,Seine-Maritime,Fontaine-la-Mallet,Commune,Maire
471,471,76,Seine-Maritime,Gonfreville-l’Orcher,Commune,Maire
472,472,76,Seine-Maritime,Forges-les-Eaux,Commune,Maire
473,473,76,Seine-Maritime,Hénouville,Commune,Maire
474,474,76,Seine-Maritime,Turretot,Commune,Maire
475,475,76,Seine-Maritime,Saint-Jean-de-Folleville,Commune,Maire
476,476,76,Seine-Maritime,Petit-Caux,Commune,Autre
477,477,76,Seine-Maritime,Indéterminé,,Maire
478,478,76,Seine-Maritime,SYNDICAT MIXTE D ELIMINATION DES DECHETS DE L AR-,,Autre
479,479,77,Seine-et-Marne,Forges,Commune,Maire
480,480,77,Seine-et-Marne,Dammartin-sur-Tigeaux,Commune,Maire
481,481,78,Yvelines,Fontenay-Mauvoisin,Commune,Maire
482,482,78,Yvelines,Bullion,Commune,Maire
483,483,78,Yvelines,Clairefontaine-en-Yvelines,Commune,Maire
484,484,78,Yvelines,Maule,Commune,Autre
485,485,78,Yvelines,Montigny-le-Bretonneux,Commune,Autre
486,486,78,Yvelines,Tessancourt-sur-Aubette,Commune,Maire
487,487,78,Yvelines,Saint-Léger-en-Yvelines,Commune,Maire
488,488,78,Yvelines,Les Mesnuls,Commune,Maire
489,489,78,Yvelines,Évecquemont,Commune,Maire
490,490,78,Yvelines,Rosny-sur-Seine,Commune,Autre
491,491,78,Yvelines,Vélizy-Villacoublay,Commune,Autre
492,492,78,Yvelines,Houdan,Commune,Autre
493,493,79,Deux-Sèvres,Saint-Germier,Commune,Maire
494,494,79,Deux-Sèvres,Saint-Marc-la-Lande,Commune,Maire
495,495,79,Deux-Sèvres,Secondigné-sur-Belle,Commune,Maire
496,496,79,Deux-Sèvres,Parthenay,Commune,Adjoint au maire
497,497,80,Somme,Heilly,Commune,Maire
498,498,80,Somme,Blangy-Tronville,Commune,Maire
499,499,80,Somme,Talmas,Commune,Maire
500,500,80,Somme,Saint-Léger-lès-Domart,Commune,Adjoint au maire
501,501,80,Somme,Gentelles,Commune,Maire
502,502,80,Somme,Outrebois,Commune,Maire
503,503,81,Tarn,Saint-Sulpice-la-Pointe,Commune,Adjoint au maire
504,504,82,Tarn-et-Garonne,Grisolles,Commune,Maire
505,505,82,Tarn-et-Garonne,Lavit,Commune,Maire
506,506,82,Tarn-et-Garonne,Montbartier,Commune,Conseiller municipal
507,507,82,Tarn-et-Garonne,CA Grand Montauban,EPCI,Autre
508,508,82,Tarn-et-Garonne,Saint-Aignan,Commune,Maire
509,509,82,Tarn-et-Garonne,Moissac,Commune,Maire
510,510,82,Tarn-et-Garonne,Goudourville,Commune,Maire
511,511,82,Tarn-et-Garonne,Indéterminé,,Maire
512,512,82,Tarn-et-Garonne,Castelmayran,Commune,Maire
513,513,82,Tarn-et-Garonne,Montricoux,Commune,Maire
514,514,82,Tarn-et-Garonne,Piquecos,Commune,Maire
515,515,82,Tarn-et-Garonne,Maubec,Commune,Maire
516,516,82,Tarn-et-Garonne,Cazals,Commune,Maire
517,517,83,Var,Carcès,Commune,Maire
518,518,83,Var,Saint-Raphaël,Commune,Autre
519,519,83,Var,Vins-sur-Caramy,Commune,Maire
520,520,83,Var,CA Estérel Côte d’Azur Agglomération,EPCI,Autre
521,521,84,Vaucluse,Pertuis,Commune,Maire
522,522,84,Vaucluse,Althen-des-Paluds,Commune,Maire
523,523,84,Vaucluse,Piolenc,Commune,Autre
524,524,84,Vaucluse,Apt,Commune,Vice-président d’EPCI
525,525,84,Vaucluse,SYND MIXTE INTERCOMMUNAUTAIRE DE TRAITEMENT DES OR-,,Président d’EPCI
526,526,84,Vaucluse,Saint-Martin-de-la-Brasque,Commune,Maire
527,527,85,Vendée,Indéterminé,,Maire
528,528,85,Vendée,Aubigny-Les Clouzeaux,Commune,Autre
529,529,85,Vendée,La Guérinière,Commune,Autre
530,530,85,Vendée,La Tranche-sur-Mer,Commune,Maire
531,531,85,Vendée,L’Île-d’Olonne,Commune,Adjoint au maire
532,532,85,Vendée,La Ferrière,Commune,Autre
533,533,85,Vendée,La Bretonnière-la-Claye,Commune,Conseiller municipal
534,534,85,Vendée,Indéterminé,,Maire
535,535,85,Vendée,Apremont,Commune,Maire
536,536,85,Vendée,Péault,Commune,Maire
537,537,85,Vendée,La Merlatière,Commune,Maire
538,538,85,Vendée,Saint-Gilles-Croix-de-Vie,Commune,Autre
539,539,85,Vendée,Saint-Laurent-sur-Sèvre,Commune,Maire
540,540,86,Vienne,Curzay-sur-Vonne,Commune,Maire
541,541,86,Vienne,Saint-Maurice-la-Clouère,Commune,Maire
542,542,86,Vienne,Availles-en-Châtellerault,Commune,Maire
543,543,86,Vienne,Saint-Savin,Commune,Maire
544,544,86,Vienne,Champagné-Saint-Hilaire,Commune,Maire
545,545,86,Vienne,Beuxes,Commune,Maire
546,546,86,Vienne,Loudun,Commune,Maire
547,547,86,Vienne,Brux,Commune,Maire
548,548,86,Vienne,Jaunay-Marigny,Commune,Autre
549,549,87,Haute-Vienne,Saint-Jean-Ligoure,Commune,Maire
550,550,87,Haute-Vienne,Flavignac,Commune,Maire
551,551,87,Haute-Vienne,Saint-Just-le-Martel,Commune,Maire
552,552,88,Vosges,Indéterminé,,Maire
553,553,88,Vosges,Provenchères-et-Colroy,Commune,Maire
554,554,88,Vosges,Attignéville,Commune,Maire
555,555,88,Vosges,Greux,Commune,Maire
556,556,88,Vosges,Fontenay,Commune,Maire
557,557,88,Vosges,Ban-sur-Meurthe-Clefcy,Commune,Maire
558,558,88,Vosges,Ubexy,Commune,Maire
559,559,88,Vosges,Tendon,Commune,Maire
560,560,88,Vosges,Roville-aux-Chênes,Commune,Maire
561,561,88,Vosges,Jarménil,Commune,Maire
562,562,88,Vosges,Sans-Vallois,Commune,Maire
563,563,89,Yonne,Bassou,Commune,Maire
564,564,89,Yonne,Seignelay,Commune,Maire
565,565,89,Yonne,CA du Grand Sénonais,EPCI,Autre
566,566,90,Territoire de Belfort,Bermont,Commune,Maire
567,567,90,Territoire de Belfort,Vétrigne,Commune,Maire
568,568,90,Territoire de Belfort,Belfort,Commune,Adjoint au maire
569,569,90,Territoire de Belfort,Giromagny,Commune,Maire
570,570,91,Essonne,Pecqueuse,Commune,Maire
571,571,91,Essonne,Limours,Commune,Maire
572,572,91,Essonne,Itteville,Commune,Autre
573,573,91,Essonne,Orveau,Commune,Maire
574,574,91,Essonne,La Ferté-Alais,Commune,Maire
575,575,91,Essonne,Mondeville,Commune,Conseiller municipal
576,576,91,Essonne,Forges-les-Bains,Commune,Autre
577,577,91,Essonne,Évry-Courcouronnes,Commune,Autre
578,578,93,Seine-Saint-Denis,Indéterminé,,Autre
579,579,93,Seine-Saint-Denis,Pierrefitte-sur-Seine,Commune,Autre
580,580,93,Seine-Saint-Denis,Plaine Commune,EPCI,Autre
581,581,94,Val-de-Marne,Arcueil,Commune,Maire
582,582,94,Val-de-Marne,Indéterminé,,Adjoint au maire
583,583,95,Val-d’Oise,Indéterminé,,Autre
584,584,95,Val-d’Oise,Margency,Commune,Maire
585,585,95,Val-d’Oise,Osny,Commune,Adjoint au maire
586,586,95,Val-d’Oise,Cormeilles-en-Parisis,Commune,Maire
587,587,95,Val-d’Oise,Frémainville,Commune,Maire
588,588,95,Val-d’Oise,Écouen,Commune,Autre
589,589,95,Val-d’Oise,Indéterminé,,Maire
590,590,95,Val-d’Oise,Taverny,Commune,Autre
591,591,95,Val-d’Oise,Parmain,Commune,Autre
592,592,95,Val-d’Oise,Saint-Leu-la-Forêt,Commune,Autre
593,593,95,Val-d’Oise,Montmagny,Commune,Maire
594,594,95,Val-d’Oise,Saint-Gratien,Commune,Maire
595,595,974,La Réunion,La Plaine-des-Palmistes,Commune,Maire
596,596,974,La Réunion,La Possession,Commune,Autre
