id_collectivity,solution,relation_score
0,,
1,,8.0
2,,10.0
3,,9.0
4,,8.0
5,,8.0
6,Assurance d’état pour les collectivités et leurs regroupements,10.0
7,délai d’expertise trop important suite aux dommages,6.0
8,,8.0
9,"Les collectivités locales sont confrontées au risque important de ne pas pouvoir assurer leur
mission de service public si un sinistre important n’était pas couvert en raison d’une absence
de souscription à une police d’assurance. En conséquence, nous souhaiterions que l’Etat
se saisisse du problème et qu’il instaure un “droit à l’assurance” notamment pour des sites
industriels tels que ceux propriété de notre syndicat, qui agit en particulier sur la thématique
du traitement des déchets. Ce “droit à l’assurance” serait à l’image du « droit au compte
bancaire » géré par la Banque de France. L’Etat est appelé à jouer son rôle de régulateur
dans ce domaine.",
10,"Création d’une compagnie d’assurances dédiées aux collectivités territoriales avec le concours
financier de l’Etat.",1.0
11,Empêcher la résiliation unilatérale sauf rapport sinistres/prime très défavorable.,8.0
12,,8.0
13,,7.0
14,"Il conviendrait d imaginer un assureur public Une sorte d auto assurance mis en place par l
état",5.0
15,ne pas considérer que les collectivités peuvent payer quel que soit le prix,6.0
16,,8.0
17,,
18,,9.0
19,,9.0
20,,7.0
21,"Plus de formation et de sensibilisation des élus. Arriver à créer de la concurrence entre les
assurances Etablir un prix à la commune la plus vertueuse, préventive etc pour montrer
que les communes ne sont pas que des sinistres mais qu’elles savent prendre les devants et
anticiper les risques.",3.0
22,,
23,,5.0
24,,5.0
25,"un groupement de commandes à l’échelle départementale pour permettre des coûts réduits
pour des garanties identiques à celles actuelles",8.0
26,Assurance crée par l’état,3.0
27,,8.0
28,,
29,,2.0
30,obliger les compagnies à assurer les communes ou créer une assurance garantie par l’Etat,4.0
31,,1.0
32,,8.0
33,"Considérant les réelles difficultés récemment rencontrées pour contractualiser avec un as-
sureur (expérience faite en 2023 pour des marchés d’assurances nécessaires au terme des
marchés en cours, pour des communes dont les marchés sont gérés par notre collectivité, et
notre propre communauté de communes) qui a dû contractualiser hors marché car aucune
offre n’a été déposée (pour les risques : dommages aux biens, protection juridique préci-
sion étant faite que pour la flotte véhicule, la cotisation a été multipliée par 3 et pourtant,
sans sinistralité ! La solution pourrait être trouvée dans la ‘nationalisation’ d’une structure
d’assurancesouunecréationd’unassureurspécifiquepublicquis’adresseraitauxcollectivités
uniquement",5.0
34,"Repenser le système et encadrer les conditions des contrats d’assurance des collectivités
(interdireleshaussestarifairesfulgurantes,encadrerlestarifsdescotisationsetdesfranchises,
etc...)",6.0
35,,3.0
36,Je ne sais pas,6.0
37,Les assureurs devraient avoir l’obligation d’assurer les collectivités.,2.0
38,"La solution la plus efficace serait de faire un fonds national d’assurance avec l’ensemble des
collectivités.",
39,"Le Syndicat ne trouve pas de responsabilité civile (contact de 32 compagnies d’assurance
en France et à l’étranger). Rendre obligatoire la fourniture d’une RC à toute collectivité, à
minima par le Bureau central de tarification
10",9.0
40,,10.0
41,Mise en place de télésurveillance,7.0
42,Une assurance ou un fond géré par l’état,5.0
43,"Quandunepersonneestidentifiéelorsd’unedégradationparexemple, quecesoitelle(ouson
assurance) qui fasse toutes les démarches administratives. En effet, dans notre cas, c’est la
mairie qui a du tout gérer (trouver une entreprise pour changer la fenêtre (il a fallu plusieurs
mois pour avoir un devis car il est très difficile de trouver un prestataire), faire déclaration
à l’assurance, payer, envoyer la facture à l’assurance,...).
11",8.0
44,,5.0
45,Etre assuré uniquement pour les sinistres très importants,
46,"- Faire de l’Etat l’assureur des collectivités - Obligation pour les assureurs de proposer des
contrats d’assurances aux collectivités même si ce contrat est un contrat “minimum” - ne
pas être soumis au Code de la Commande publique pour ce type de prestations - Création
d’une assurance mutualisée entre et pour les collectivités - Différenciation par les assureurs
des collectivités par compétences exercées (une mairie n’a pas les mêmes risques qu’un
syndicat de collecte et traitement de déchets soumis à la réglementation ICPE) - Prise
en compte du réel niveau de maîtrise des risques selon les collectivités (visites sur sites,
constatation du respect de la réglementation ICPE ...) - En cas d’absence de réponse aux
marchés, désignation d’un assureur par l’Etat",8.0
47,Stopper le lobbying des assureurs.,8.0
48,,5.0
49,,5.0
50,,8.0
51,,9.0
52,,7.0
53,"Empêcher les assureurs de résilier des contrats suite à dommages pour lesquels la commune
ne peut rien faire (évênement climatique exceptionnel par exemple",10.0
54,"il pourrait y avoir un groupement de commande comme avec le syndicat d’électrification des
prix maintenus pendant la durée du contrat.
même trouver un assureur pour les dommages ouvrages... lors des marchés publics restent
difficile",7.0
55,,10.0
56,,9.0
57,,
58,,3.0
59,,10.0
60,"Dans le cadre d’un projet de mobilité douce nous avions prévu un véhicule sans permis à
disposition de la population (social)!. A ce jour, nous sommes en grosse car aucune assurance
veut nous couvrir dans le cadre d’une location.
16",6.0
61,Laissons faire mes assureurs,10.0
62,,9.0
63,création d’une assurance collective des communes,8.0
64,,5.0
65,,7.0
66,,9.0
67,Proposer un PFRA pour les collectivités locales,9.0
68,Créer une assurance spécifique aux collectivités,3.0
69,,9.0
70,"avoir une meilleure transparence sur les véritables biens assurés. Des contrats beaucoup plus
lisibles et explicites sans jargon pour non initiés",7.0
71,"Que les assureurs s’engagent dans un véritable partenariat de confiance avec la collectivité,
avec un bilan préalable des risques et des besoins, des couvertures négociées et adaptées en
fonction de la collectivité, une prise en charge facilitée en cas de sinistre, etc.",2.0
72,,8.0
73,,1.0
74,,9.0
75,,1.0
76,Mutualisation sur le modèle des risques agricoles,9.0
77,"Si nosassureurs ne veulent plusdu tout couvrirles risques gammapiens alors ilfaudrait peut-
être envisager de créer un collectif regroupant les collectivités pour créer un fond d’assurance
mutualisé sous la forme d’une coopérative !!! ou autre forme!!!. Car au niveau des assureurs
soit la Franchise est exorbitante ou soit la prime est très très élevée ou bien les deux à la
fois!!!.",8.0
78,,3.0
79,"que l’Etat soit son propre assureur qu’il y est une démarche collective, au moins au niveau
d’un département, voir d’une région pour mettre en concurrence les assureurs",8.0
80,"Prévoir un document avec les risques, les probabilités et l’importance des risques. Puis
personnaliser le tarif selon ce document.",7.0
81,,9.0
82,,10.0
83,Avoir une action forte contre les fauteurs de troubles,8.0
84,,8.0
85,"Un fond national pour les indemnisations
24",7.0
86,,2.0
87,,10.0
88,,10.0
89,,7.0
90,,6.0
91,"Tenir compte de la taille/population des communes et de leur budget (petites communes
lésées)
27",8.0
92,"Rendre obligatoire la réponse aux demandes des collectivités, un AO ne peut rester sans
candidat Rester très vigilants sur l’entente des compagnies en cas de réponse
28",5.0
93,,8.0
94,je n’ai pas vraiment d’idée,9.0
95,,7.0
96,,5.0
97,"S’agissant de l’assurance dommages aux biens :
29
1° Risque interne : connaissance accrue du patrimoine et moyens de protection/sécurité +
entretien
2° Risque externe/exogène : plan de lutte contre la délinquance",8.0
98,"Inscrire dans la loi l’obligation d’assurer les collectivités avec des avantages fiscaux aux
assureurs qui maintiendrai la concurrence au bénéfice de nos concitoyens
30",8.0
99,,3.0
100,"En cas de marché infructueux ou présentant un montant exorbitant, il est nécessaire de
pouvoir recourir à une police assurantielle validée nationalement. La Ville de Guéret a mis
plus de 6 mois pour retrouver une assurance, tout en étant accompagnée par un cabinet et à
l’aide d’un courtier. Le coût a triplé avec des garanties moindres ou plus restrictives car les
clauses des contrats sont in fine imposées, loin de toute démarche contractuelle négociée et
répondant aux besoins de la collectivité. Il serait utile de labeliser, par exemple la SMACL,
en assurance des collectivités. Aussi, il serait intéressant que l’Etat opère un appel d’offres
assurantiel national, par exemple quadriennal, et que les collectivités puissent adhérer à la
société retenue. A ce jour, la solution du groupement de commande ne nous paraît pas
pertinente puisque les contrats doivent respecter les singularités de chaque collectivité.",9.0
101,,8.0
102,"L INFORMATION
31",4.0
103,"réaliser des groupements de commandes
32",
104,???,9.0
105,"Assurance proposée par l’état qui couvre l’ensemble des risques auquels les collectivités
peuvent être confrontées en particulier les excès climatiques.",8.0
106,,9.0
107,,10.0
108,Une meilleure information sur les contrats proposés,9.0
109,"Revoir le code de la commande publique en matière d’assurance Interdire les résiliations
unilatérales et avenants en raison des offres trop basses au marché initial Mieux accompagner
lacollectivitédanslagestiondeleursinistralitéRevoirlesystèmeassurantieldescatastrophes
naturelles",8.0
110,"Une assurance qui prendrait en compte la probabilité des risques, les sinistres pour un coût
adapté",7.0
111,"Il faudrait plus d’acteurs sur le marché de l’assurance des collectivités, plus de solidarité
financière entre les compagnies françaises sur cette branche d’assurance.
34",7.0
112,"Imposer un motif légitime pour la résiliation anticipée des contrats d’assurance, assimiler
les augmentations de primes à des avenants/modifications de marché et les limiter, exclure
des états de sinistralité des collectivités les dossiers dans lesquels la collectivité n’est pas
responsable.",8.0
113,,4.0
114,"Aujourd’hui, notre collectivité subit des hausses de cotisation bien supérieures aux clauses
contractuelles de révision de prix. ces augmentations ne sont pas justifiées par une évolu-
tion du risque et/ou des biens de la Commune mais par des intempéries et catastrophes
naturelles sur l’ensemble du territoire national. Les compagnies d’assurance arguent de cir-
constances imprévues mais c’est le principe même de l’assurance! Nous n’avons pas le choix
que d’accepter ces augmentations par crainte de se voir résilier nos contrats ou de ne pas
avoir de réponses au renouvellement des contrats (renouvellement en décembre 2022, 1 offre
sur le lot DAB/RC)",5.0
115,"possibilité de négocier de gré à gré hors procédure marché public, création d’une obligation (
al’instardesparticulier)pourlaflotteautoetlaRC,puisqueréglementairementlacommune
peut être auto-assurée en dommages aux biens.",1.0
116,"déjà avoir des relations avec son assureur et pas seulement au moment de la renégociation
des contrats.",
117,"Permettre plus d’ouverture à la concurrence sur les assureurs privés pour ne pas se retrouver
avec un monopole (SMACL/GROUPAMA c’est 90% des collectivités). Permettre le portage
de risque par des sociétés autres.
Autoriser et développer les collectivités d’un EPCI à se mutualiser pour créer un fond
d’autoassurance, et permettre la territorialisation des contrats d’assurance.
Dans le contexte actuel, interdire à un assureur, la SMACL à résilier des contrats sans lien
avec leur sinistralité. Cette rupture unilatérale d’un contrat sans explication motivée liée à
son exécution ne devrait pas être possible, sans avoir à engager un contentieux.
Dans le cadre d’un groupement de commande, permettre d’avoir des franchises et des taux
adaptés à la sinistralité des territoires avec une procédure permettant la négociation.
Faire le bilan de la souscription obligatoire des collectivités à un contrat de protection fonc-
tionnelle pour les élus, avec le coût réellement porté par les assureurs.
36",1.0
118,Une meilleure information sur nos droits.,9.0
119,,2.0
120,,3.0
121,,4.0
122,"Pour les biens de la commune, notre assureur ne veut plus nous assurer. Nous avons fait
appel à un courtier pour retrouver un autre assureur acceptant de nous assurer. Ne voulant
pas faire de l’auto assurance, nous avons accepter un contrat de la part d’un nouvel assureur
pour un montant multiplier par 4.",5.0
123,,8.0
124,,8.0
125,"Créer un poste de médiateur au sein des Préfecture pour surveiller les résiliation pour sinis-
tralité, parfois sans raison, de la part des assureurs. Créer un guichet unique au sein de la
préfecture pour désigner d’office un assureur lorsqu’un appel d’offre devient infructueux (sur
le modèle du droit au compte)",
126,"La non généralisation des causes d’indemnisation à l’ensemble d’un territoire. Exemple :
les innondations ne concernent pas toutes les communes du département et pourtant les
assurances se cachent derrière cet argument pour augmenter voire résiliser leur contrat.",5.0
127,"créer une obligation d’assurance pour les compagnies avec recours au médiateur qui verrait
son champ de compétences élargi au cas de forte hausse tarifaire et absence d’assurance , que
ce soit après résiliation ou appel d ’offres infructueux. et sortir les assurances de l’obligation
d’appel d’offres pour passer directement en consultation négociée ( plus de souplesse perme-
ttant de trouver un assureur ) en autorisant des contrats d’un an renouvelable tacitement
SANS limitation de durée ( recréer le lien historique de confiance réciproque)",2.0
128,avoir une garantie de l’état après inventaire par ses services,8.0
129,"Lors de la dernier appel d’offre lancé, un seul assureur a répondu....",7.0
130,". Pour que les assureurs ne se détournent pas des collectivités : prise en charge par l’Etat des
conséquences de leurs risques spécifiques (dégâts résultant d’émeutes, responsabilité civile
liée à des activités particulières comme les manifestations festives, etc. ) . Pour éviter
l’auto assurance contrainte pour certaines collectivités fragiles ou particulièrement exposées
aux risques météorologiques : imagination de solutions d’assurance mutualisées, de type
“groupement de commandes”, organisées par l’Etat, permettant de lisser les coûts et de se
trouver en position de force pour négocier avec les grands groupes. . Pour faire respecter les
marchés publics conclus, adapter pour les collectivités le code des assurances : interdiction
des augmentations de cotisations en cours de contrat au-delà de ce que prévoient les clauses
contractuelles de révision, interdiction des résiliations pour sinistre en cours de marché.
. Pour éviter les conséquences catastrophiques d’une auto-assurance subie (appel d’offres
40
infructueux...), aides d’Etat à la reconstruction ou au dédommagement des tiers en cas de
sinistre important non assuré.",5.0
131,"imposer une compagnie d’assurance
41",3.0
132,,9.0
133,"Nous concernant le principal problème que nous rencontrons sur le thème des assurances
porte sur la Responsabilité Civile. En effet nous sommes maîtres d’ouvrages des travaux que
nous réalisons pour les communes. Nous avons des réclamations et des sinistres consécutifs
à ces travaux. Or, les assureurs se désengagent de cette partie des contrats. Le lot RC n’a
reçu aucune offre lors du dernier marché. Nous avons dû solliciter notre assureur sortant,
la SMACL, qui a accepté, après une forte insistance de notre part, de nous remettre une
proposition mais à un prix exorbitant.",8.0
134,,10.0
135,,8.0
136,"Des échanges réguliers avec les assureurs pour limiter les refus d’assurance et les résiliations,
pour contenir les exclusions et les réserves formulées dans les contrats qui conduisent les
collectivités à s’auto-assurer et pour retrouver un équilibre dans les relations contractuelles
Unaccompagnementauxcollectivitésafindedévelopperdesactionsdepréventionaméliorant
lasinistralité, optimiserlagestiondesrisquesetassurerunegestionefficacedescontratsdont
les clauses manquent souvent de lisibilité dans un contexte assurantiel très tendu",7.0
137,,
138,"Assouplissement du code de la commande publique : introduire la possibilité de négocier en
marché assurance quelque soit le montant
Assouplissement des possibilités d’avenant en cours d’exécution en matière d’assurances
Imposer un délai de préavis supérieur à 9 mois en cas de résiliation sèche ce qui permettra
d’avoir le temps nécessaire pour réaliser un sourcing complet
Réduirelenombred’exclusionsparunecotisationpluséquilibrée: justerapportentrerisques
couverts et coût de la cotisation
Accompagner tout au long au de l’exécution du contrat les collectivités dans la mise à jour
de leur patrimoine immobilier (sur le modèle du RISK MANAGER). Les assureurs devraient
proposer des accompagnements dans la prévention et dans l’amélioration de l’existant pour
limiter le risque (gagnant/gagnant)",1.0
139,"Une assurance spécifique pour les collectivités gérée par un organisme d’Etat.
44",7.0
140,"mutualiser les cotisations d’assurance pour créer un établissement d’assurance géré par les
collectivités",3.0
141,Aucune idée,3.0
142,"Création d’un service d’État neutre qui puisse accompagner les collectivités sur le suivi,
la négociation, le renouvellement des contrats et touts autres rapports avec les assureurs.
Formation des élus.",8.0
143,,7.0
144,,8.0
145,Mutualiser avec d’autres communes ou ) l’échelle de l’EPCI,8.0
146,"RECOURIR A DES COURTIERS ils sont indépendants et sont en relation avec les compag-
nies ET LES GROSSISTES / LE SENAT DOIT SE RAPPROCHER DE la REFERENCE
SYNDICALE PLANETE CSCA",
147,"Mise en place d’un régime spécifique pour : - obliger les assureurs à garantir les risques des
collectivités - encadrer les décisions unilatérales des assureurs portant résiliation des contrats
- encadrer les abus des assureurs qui majorent unilatéralement les franchises (notre franchise
est passée de 300 € à 4000 € !!!)",3.0
148,,8.0
149,,8.0
150,,2.0
151,Une assurance gérée par l’état,2.0
152,??????,8.0
153,"Lequestionnaires’appuieessentiellementsurl’assurance“Dommagesauxbiens”maisconcer-
nant la ville de Lesparre Médoc, les problèmes rencontrés avec les compagnies d’assurance
s’appuient sur les risques Auto et Statutaires pour lesquels nous avons rencontré pour le
premier, une résiliation unilatérale de la part de la compagnie et une nouvelle proposition
passant de 20 000 € à 60 000 €. Concernant le second, situation similaire avec une résilia-
tionanticipéeducontratetunenouvellepropositionauxconditionsfinancièresinacceptables.
L’auto-assurance a été choisi quant à ses risques statutaires. Les “grands” groupes nationaux
d’assurance n’ont pas connaissance des territoires dont seul intérêt est le profit. Les agents
d’assurance locaux, représentant de ces compagnies, connaissent le territoire communal voire
intercommunal. Par ces savoirs, ils peuvent défendre au mieux les intérêts de la collectivité
et comprendre également nos exigences et problématiques. Avoir un interlocuteur direct et
privilégié est d’autant plus confortable que d’être orienter sur des plateformes téléphoniques
ou courriels.",7.0
154,,5.0
155,"Elue locale et départementale d’un groupe d’assurances mutualistes, je suis convaincue qu’il
faut travailler avec les Services de l’Etat et imaginer du moins pour les risques de vandalisme
du moins, de travailler avec l’Etat sur des modèles tels que ceux imaginés et en place pour
les catastrophes naturelles.
48",8.0
156,,8.0
157,"Moins de monopole de certains assureurs, une obligation des assureurs de couvrir certains
risques , des franchises adaptées au risque",6.0
158,,7.0
159,"Qu’une structure publique se crée, à l’instar de l’Agence France Locale (secteur bancaire),
qui assure les collectivités membres.",1.0
160,,10.0
161,Avoir un agent d’assurance local afin de pouvoir discuter en direct,5.0
162,,8.0
163,assurance mutualiste entre collectivités,5.0
164,"Maintenant et au regard des relevés de sinistres, nous évitons d’envoyer les constats (avec
un tiers) à notre assurance et essayons de régler le sinistre directement avec l’assureur du
tiers. cela évite que ce sinistre soit mentionné dans le relevé et nous pénalise financièrement
d’une année sur l’autre, surtout quand la commune n’est pas responsable. donc, il faudrait
revoir la prise en compte des sinistres dans les relevés d’information.",7.0
165,,8.0
166,"Sur le modèle de l’Agence France Locale pour les prêts, il pourrait être envisagé la création
d’unestructuremutualiséesimilairepourlescontratsd’assurance,aumoinssurlesdommages
aux biens.",5.0
167,,7.0
168,,8.0
169,,7.0
170,"Il faudrait adapter les montants des franchises aux types de biens, revoir les cotisations
lorsque l’on est propriétaire non occupant car l’assurance est fourni pas l’utilisateur du
bâtiment qu’il soit locataire ou lorsque c’est une mise à disposition.",3.0
171,,6.0
172,"Avoir plus de concurrence sur le marché de l’assurance aux collectivités alors que le marché
va dans le sens contraire et le nombre d’opérateurs intéressé se réduits. Attention au risque
de monopole !",4.0
173,"Un groupement de commandes à l’échelle du département.
52",5.0
174,,3.0
175,,
176,Service public de l’assurance,2.0
177,"Ne pas déclarer l’ensemble des sinistres pour ne pas aggraver la sinistralité. Protéger les
bâtiments (vidéoprotection par exemple).",8.0
178,,5.0
179,,7.0
180,,3.0
181,,7.0
182,,8.0
183,"une justice plus efficace et plus efficiente dans la punition des délits disposer d’un organisme
d’assurances “de France” comme la banque.",10.0
184,,8.0
185,"plusd’assureuràproposerleursservicesauxcollectivitésafindecréeruneconcurrence. Créer
un fond de garantie mutualisé pour les collectivités soutenu (mis en place) par l’état",5.0
186,,9.0
187,,5.0
188,Former et/ou spécialiser les agents territoriaux dans le domaine des assurances.,6.0
189,,9.0
190,Que l’État prenne le relais lors de catastrophes naturelles,8.0
191,Avoir un contrat national.,1.0
192,,8.0
193,,6.0
194,"Avoir une offre plus concurentielle L’auto-assurance jusqu’à un certain montant de dommage
(ou franchise importante)...",7.0
195,,10.0
196,,9.0
197,"Des contrats groupés (communautés de communes), un état des lieux et des formations.",7.0
198,"Le rôle d’un assureur est de mutualiser les risques sur l’ensemble du territoire, mais certaines
petites communes rurales sont tout de même moins affectés par certains risques (émeutes...)
58
etsemblepourtantsubitlesaugmentationsliéesaucontextenationale, ilseraitintéressantde
sectoriser quelque peu. De plus, les assureurs imposent les augmentations sans négociation
possible, avec la menace immédiate de résiliation.",8.0
199,"Disposer d’un état des lieux, par strate de collectivités identiques, des principaux risques
reconnus et pouvant faire l’objet de sinistre avec un coût moyen de prise en charge des
assurances.",7.0
200,"-Développement de l’auto-assurance avec de vrais moyens dédiés -Professionnalisation des
services : formations et connaissances renforcées en droit (droit de la responsabilité notam-
ment) et en droit des assurances pour une meilleure évaluation des risques et la construction
d’un programme d’assurance adapté. Enfin, une gestion des sinistres optimisée (rôle actif des
services dédiés dans l’instruction des sinistres) avec à la clé la maîtrise de la charge assureur
et de la fréquence des sinistres ce qui incite ce dernier à maintenir le contrat. -Management
des risques : connaissance des risques tant en ce qui concerne la couverture dommages aux
biens que responsabilité civile en vue de souscrire des couvertures adaptées avec un arbitrage
sur le rapport coût/garantie. -Développement des actions préventives en interne en vue de
minorer les risques sous différentes formes selon la police considérée.",7.0
201,,9.0
202,"faire intervenir des bureaux de conseils placé auprès des préfectures qui ajusteraient et né-
gocieraient pour le compte des collectivités les contrats d’assurance",5.0
203,"Contrats groupe par taille de commune, avec cahier des charges préalablement établi.",6.0
204,"Quelestarifsdesassurancessoientencadrés. Obligationdelapartd’unassureurderépondre
à un appel d’offre et qu’il explique pour quoi en cas de non réponse",8.0
205,"Sur les dommages aux biens dus à des émeutes: la solution de fond serait de réduire les
causes d’émeutes (sociales, éducatives, manque d’intégration), une solution annexe serait
d’imposer des sanctions plus dissuasives envers les personnes coupables de dégradations Sur
les dommages dus à des actes de petites délinquance (vols, dégradations): plus de présence
des forces de l’ordre en préventif et des sanctions plus dissuasives pour les auteurs Sur le
risque cyber: davantage de moyens à la lutte contre les cyber attaques de la part de l’Etat
Evènements climatiques: la seule solution de fond est d’essayer collectivement de combattre
le changement climatique",6.0
206,,8.0
207,Avoir une meilleure connaissance des contrats et de leurs couverture.,5.0
208,Mutualiser les contrats d’assurance à l’échelle intercommunale,4.0
209,,8.0
210,,7.0
211,,9.0
212,"Une assurance spéciale collectivités qui garantirait à minima les recours pouvant être faits
par des tiers
62",6.0
213,Système d assurance collectif adosse à la CDC..,3.0
214,,6.0
215,,8.0
216,,
217,,9.0
218,"- Faire évoluer les règles de la commande publique dans le cadre de la passation des contrats
d’assurances des collectivités territoriales et de leurs groupements en favorisant notamment
la négociation. Or en l’état actuel, nous sommes tenus de passer en appel d’offres pour re-
specterlesseuilsprévusparlaréglementation. Cettedernièreprocédureadeuxinconvénients
enferme les collectivités et les assureurs dans un formalisme très contraint.",8.0
219,"Uncontrôledel’étatsurlesindemnisationsetleursuivi. Notremairies’estenpartieeffondrée
en 2021, notre ancien assureur SMACL refuse de nous indemniser une partie du sinistre
et a résilié notre contrat suite à celui-ci. Nous sommes toujours en attente d’un autre
remboursement pour un autre sinistre avec ce même assureur.",8.0
220,Aucune idée,6.0
221,"plus d’assureurs sur le marché plus de souplesse entre le code des marchés publics et le code
des assurances
65",5.0
222,,3.0
223,"L’ensemble de commune devrait être classée par niveau de risque selon sa situation géo-
graphique, son nombre d’habitant, sa position rurale, péri-urbaine, urbaine, le nombre
d’agent, Ecole type et nombre, sa surface, ses infrastructures, sa surface de bâtiment créant
une cotisation de base qui serait coefficientée avec le taux de sinistralités de chaque collectiv-
ité. Chaque commune bénéficierait d’une couverture identique à un prix équivalent. Toutes
les communes identiques couvertes par le même groupe qui devrait être une assurance d’état
ou assimilée. .",8.0
224,"Selon la taille de la collectivité et le niveau de risque, il faut soit: - avoir un accompagnement
en amont pour la définition d’un CCTP bien adapté aux réalités de la collectivité et ses
besoins, avec le risque que certaines compagnies refusent d’y répondre, car trop contraignant
par rapport à leurs contrats types - avoir un accompagnement pour réaliser l’analyse des
offres afin de pouvoir retenir l’offre la mieux disante, et non la moins disante, c’est à dire
aveclemeilleurrationprix/couverturedurisqueprenantencomptelesfranchises,exclusionS
partielles... Plutôt que chaque collectivité prenne son AMO, une mutualisation d’un AMO,
pourrait s’envisager de préférence par l’AMF départementale, soit au niveau de l’EPCI pour
elle-mˆme et ses communes membres",8.0
225,Mise en place d’un opérateur public d’assurance,1.0
226,,9.0
227,Mise en place d’un service public de l’assurance minimum pour les collectivités,7.0
228,,9.0
229,,7.0
230,"Des contrats cadres négociés à de hauts niveaux de regroupement (cf contrats de fourniture
d’électricité)",5.0
231,,8.0
232,"Créer un assureur spécifique pour les collectivités ou encourager les assureurs travaillant
avec les collectivités publiques dont une partie du financement pourrait venir d’une taxe sur
les bénéfices des assureurs et réassureurs uniquement tournés vers le privé. Systématiser
la prise en charge par l’État des dégâts subis lors de manifestations publiques et émeutes
Revoir le cadre de la commande publique pour les assurances afin de permettre les échanges
et négociations",6.0
233,,5.0
234,,9.0
235,,8.0
236,,4.0
237,"Une loi qui impose aux assureur à faire une offre aux collectivités. Ensuite à charge des
collectivités de l’étudier et d’y donner ou non suite.",
238,"un fond commun alimenté et géré par les communes avec le soutien de l’état. pouvoir sortir
du système marché public pour négocier ses assurances sur la sinistralité
70",
239,"Uniformiser les contrats d’assurance pour les collectivités en fonction des risques spécifiques
de chaque territoire",6.0
240,,9.0
241,,8.0
242,,10.0
243,,8.0
244,,6.0
245,"Face à la sinistralité des activités du déchets, et au regard de la valeur patrimoniale en jeu,
l’augmentationdescoûtsassurantielneparaitpasaberrante. C’estlechangementbudgétaire
qui est difficilement soutenable : prime dommage aux biens passée de 20 000 € à près de
400 000 €... Nous n’avons pas eu de sinistre majeur à déplorer, mais on peut également
s’interroger sur les indemnités qui seraient réellement perçues dans un tel cas. Absence de
prise en compte des pertes d’exploitation. Une part d’auto-assurance par la constitution de
provision apparaît indispensable.
72",5.0
246,"crée une assurance entre collectivité
73",3.0
247,"Avoir une soutien qu’il soit logistique ou financier pour la recherche du meilleur contrat
adapté à la commune concernée.
74",6.0
248,"Que nous puissions avoir recours, dans nos collectivités, à un service hiérarchique supérieur
pour consultation.",1.0
249,,4.0
250,,8.0
251,"Avoir une assurance publique gérée par l’Etat, pour ne pas subir des augmentation de l’ordre
de 10% par an sans sinistralité dans notre commune par exemple.",9.0
252,,5.0
253,,7.0
254,"le système d’indemnisation et de compensation entre assureurs est trop complexe et opaque
pour nous permettre de nous prononcer sur cette question. manque de transparence entre
les différents acteurs.",9.0
255,,4.0
256,"action sur la prévention (maintenance, entretien, connaissance de tous les biens) adaptation
des biens aux risques (ex : candélabres, plantations d’arbres, structure de construction)
changement de la vision de la logique assurantiel : l’exposition au risque des collectivités
est spécifique. Il est presque certain compte tenu du patrimoine et de l’exposition (aléas
climatiquesetsociaux)mêmeavecdelaprévention. Lesmontantssontforcémentimportants.
Il vaudrait mieux négocier au cas par cas la couverture et la franchise par type de patrimoine
et non d’une manière identique pour l’ensemble du patrimoine (ex : distinguer le mobilier
urbain du bâtis, les équipements sportifs des salles associatives...).
77",7.0
257,"créeruneplateformed’assureurspécialisésavecdestéléconseillerspourguiderlescollectivités
lors des dépôts de dossier auprès de l’assureur que se soit dommages aux biens, véhicules
ect... Un dossier unique en ligne accessible par toutes les partie et ne pas devoir refournir
constamment les mêmes documents (assureur, mairie, experts voir le tiers concerné s’il y a
lieu) pour avoir un suivit de l’ensemble du dossier.",8.0
258,"Lesassurancesdevraitêtremutualiséesauniveaunationale. Ilnedevraityavoirqu’uneseule
compagnie d’assurance pour toutes les collectivités y compris l’état. Il faudrait un appel
d’offre national. Toutes les cotisations d’assurances seraient centralisées et les cotisations
évolueraient en fonction des risques globaux nationaux.",8.0
259,,10.0
260,,9.0
261,"1 - meilleure connaissance des risques par les élus (connaitre pour comprendre) 2 - réali-
sation du PCS par des personnes réellement compétentes (connaissance des collectivités et
de la gestion des risques) 3 - apprendre à dimensionner le niveau d’assurance adaptée à sa
collectivité (auto-assurance par exemple)",9.0
262,,10.0
263,,9.0
264,"Sanctionner réellement les tiers malveillants (mineurs par ex) dans les dégradations des
bâtiments ou espaces publics",2.0
265,,8.0
266,,8.0
267,,8.0
268,"Il faut un marché régional pour mettre en concurrence les assureurs et aussi il faut maitriser
81
les augmentations qui ne correspondent pas au résultat d’un marché. On doit pouvoir être
accompagné par l’assureur en cas de litige avec une garantie décennale. Ce qui est notre cas.",8.0
269,"Je me suis inscrite dans votre consultation mais je n’ai pas eu de problème particulier en
2023",10.0
270,,9.0
271,,10.0
272,,9.0
273,Avoir des assureurs agrées par l’État en cas de non réponse à un appel d’offre.,4.0
274,,9.0
275,"Très peu de compagnies d’assurances veulent ce déplacer en mairie pour faire une offre et
l’Expliquer",5.0
276,Nous n’avons pas de problème d’assurance à ce jour,8.0
277,,9.0
278,,9.0
279,"Remplir un cahier des charges précis qui permettrait à l’assureur de mesurer outre le risque
à assurer, les mesures de prévention susceptibles de minimiser le risque, tout en prévoyant
des franchises.",9.0
280,,9.0
281,,10.0
282,"passer les contrats dans le cadre de groupement de commandes pour avoir des tarifs plus
intéressants mieux recenser les risques liés au patrimoine, aux activités des collectivités et
mettreenplacedesmesuresdepréventionrevoirlerégimeetlesconditionsdereconnaissance
de l’état de catastrophe naturelle notamment en matière de sècheresse interdire la résilia-
tion des contrats par l’assureur dans certaines conditions créer un régime d’indemnisation
nationale mutualisé abondé par l’Etat, les collectivités et les assureurs pour les dommages
liés aux émeutes, favoriser la concurrence dans le secteur de l’assurance des collectivités pour
avoir plus de réponses dans les appels d’offres",7.0
283,"Orienter les collectivités à effectuer les vérifications électriques, extincteurs annuel obliga-
toire avec une prise en charge de l’Etat d’une partie des honoraires dans un premier temps
Orienter les communes à mettre en place le DICRIM et le PCS Un contrat d’assurances
Cyber risques coute très cher, négocier avec les assureurs spécialisés pour diminuer les coûts
que les collectivités même les plus petites puissent souscrire un contrat Et pour finir il ne
faut plus de manifestations (émeutes)....",9.0
284,Nationaliser une société d’assurance,7.0
285,,10.0
286,,8.0
287,,8.0
288,"Difficilederépondreàcettequestion. Amonavisilfautuntraitementdifférentselonlataille
des collectivités, et engager une négociation dans ce sens avec les Assureurs. Le législateur
ne doit pas tout imposer. Peut-être faudrait-il allonger le délai de dénonciation du contrat.",8.0
289,"Il faudrait faire payer de leurs propres deniers les auteurs de dégradations faites aux biens
publics.
Cetteéconomiefaitepermettraitdelimiterleshaussesdetarifsquesubissentnoscollectivités
et une meilleure indemnisation sur les évènements climatiques.",10.0
290,"- Sortir de la commande publique, - Créer un système commun aux collectivités - Prendre la
pleine mesure des prérogatives de puissance publique des collectivités, de l’absolue nécessité
de service. -Obliger le secteur de l’assurance à assurer les collectivités au nom de l’intérêt
général
Comme exposé au Président de Groupama en réponse à leur résiliation,” Enfin et pour
terminer, si votre compagnie peut envisager rompre l’engagement pris auprès de son assuré,
notre commune de Mont-Saint-Martin ne peut en aucun cas et d’aucune manière rompre le
85
contrat moral qui la lie avec ses citoyens, il en va de notre République. ”
Que se passera-t-il demain si, nous ne pouvons plus sortir pour dégager les routes, intervenir
sur un fuite d’eau, ouvrir au public afin de permettre aux usagers de déclarer les naissances,
les décès, les cni, si nous ne pouvons plus ouvrir nos établissements scolaires... La crise
que nous traversons fait peser un risque majeur sur le service public local et notre cohésion
sociale, quiseraàtermebienplusdommageableque“lerisquefinancier”portéparlesacteurs
économiques.",2.0
291,,8.0
292,,9.0
293,,8.0
294,,7.0
295,,9.0
296,,8.0
297,,9.0
298,,8.0
299,Des contrats de groupe,10.0
300,,4.0
301,,4.0
302,,10.0
303,un appel d’offre groupé à l’initiative des communauté de communes ou d’agglomération.,7.0
304,"Faireobligationauxcompagniesd’assuranced’assurerlescollectivitésterritorialesetlégiférer
pour que les primes soient en adéquations avec les risques effectifs, possibilité d’instaurer un
bonus/malus identique au système appliqyué pour les véhicules automobiles.",8.0
305,"Il faudrait adopter une loi permettant une hausse contrôlée des tarifs en gelant les augmen-
tations possibles",8.0
306,Pouvoir travailler de gré à gré avec des courtiers spécialisés,8.0
307,Favoriser la proximité avec la collectivité et identifier un référent dédié à la Commune.,5.0
308,,7.0
309,"Pour notre secteur c’est la communauté d’agglomération qui gère les études. Chaque com-
mune a le choix d’adhérer ou pas au groupement.
Si celle ci est favorable, la commune transmet ses besoins en assurances. La CASC lance sa
consultation au vue des retours des communes Retour de l’étude : La commune adhère et
modifie ses contrats mais c’est elle qui choisit.",8.0
310,"Il existe plusieurs options, mais toutes nécessitent des investissements financiers consid-
érables ce qui peut entraver leur mise en œuvre, surtout à une époque où les budgets des
collectivités locales sont déjà surchargés. Parmi ces solutions, on peut citer : une mise à
jour de l’évaluation des risques, la formation du personnel, l’analyse technique des contrats
d’assurance pour une meilleure compréhension, la gestion différenciée des sinistres, une vraie
collaboration avec les assureurs, l’utilisation de technologies innovantes (ex. utilisation de
capteurs pour détecter des fuites d’eau ou incendie ..etc...",5.0
311,"Ilfaudraitunaccordcadre(ouplusieurs)auniveaudel’AMFdépartementalevoirenationale
pour avoir un poids et une expertise.
90",7.0
312,"Faire un regroupement de commande afin d’avoir des tarifs plus attractifs ou en partenariat
avec les communautés de communes.",8.0
313,"La prise en compte pour les collectivités d’être plus soumise à un risque de sinistre qu’une
personne privée ou société privée.",7.0
314,Qu’un organisme d’état gère les assurances des collectivités.,10.0
315,,10.0
316,,8.0
317,"-Peut-êtrequelacréationdegroupementdecommandespermettraitauxcollectivitésd’avoir
plus de poids pour les négociations avec les assureurs; cela ne résoudrait pour autant pas
91
nécessairement le problème d’absence d’offres lors des appels d’offres. - Création d’un as-
sureur spécifique pour les collectivités territoriales",7.0
318,,9.0
319,"En cas d’aggravation de risque en cours de contrat ou de sinistre, obliger l’assureur à faire
une rencontre et un audit de la situation de la collectivité. Rendre obligation une visite de
prévention régulière avec l’assureur pour évaluer le niveau de risque et l’adéquation de la
prime. Commepourlesparticulier, unorganismepourraitêtrechargédetrouverunassureur
pour chaque collectivité, qui serait obligé de l’assurer. Une autre possibilité consiste en un
fonds de garantie et de solidarité, comme il en existe pour les catastrophes naturelles.",8.0
320,"Une assurance d’Etat ? Collectif, biens communaux, infra-structures municipales ... tout
cela fait partie des “compétences” de l’Etat. Ce qui résoudrait aussi les problèmes (fi-
nancier, économique, bureaucratique) lié aux appels d’offre, aux bureaux d’études et autres
paperasses.",10.0
321,"1/ Imposer aux assureurs des réponses claires et pertinentes aux demandes d’indemnisations.
Ne pas accepter des réponses du style : votre contrat ne prévoit pas de prise en charge de ce
2/ Créer un organisme de contrôle ou de conciliation (type médiateur) qui prenne en compte
les problèmes des collectivités et pas seulement ceux des particuliers.
92",1.0
322,"Des contrats plus adaptés aux risques encourus par les collectivités et une sensibilisation à la
prévention des risques pour faire baisser la sinistralité des collectivités afin qu’aucune partie
ne soit lésée. Les assureurs pourraient mieux assister les collectivités par des actions de
formations à destinations des agents pour s’assurer qu’ils comprennent les enjeux de limiter
la sinistralité mais également dans la gestion des sinistres car beaucoup de collectivité n’ont
pasdepersonnelsaguerrisàlagestionetsurtoutàlacompréhensiondescontratsd’assurance,
souvent complexes.",6.0
323,"- imposer aux assurances des réponses claires et pertinentes aux demandes d’indemnisations
(souvent la réponse est “votre contrat ne prévoit pas cette prise en charge” -créer un organ-
isme de contrôle ou de conciliation pour les communes du même style que celui offert aux
particuliers
93",4.0
324,,3.0
325,"Je ne connais pas assez les problèmes que rencontrent certaines collectivités qui ne peuvent
trouver assureur ; pour notre part les assurances souscrites, même si elles nous paraissent
onéreuses, couvrent nos risques, je ne suis pas d’une grande aide pour votre dossier
94",8.0
326,,4.0
327,,4.0
328,,8.0
329,"Le risque émeute devient trop important. Il est nécessaire de clarifier la loi (art. L 211-10
CSI) afin de mettre en échec la jurisprudence administrative : que les dégâts soient causés
par des manifestants, ou des émeutiers sans lien avec des manifestations, l’Etat défaillant
doit payer à défaut de remplir sa mission de maintien de l’ordre.
95",5.0
330,"une mise en adéquation code de la commande publique/code des assurances davantage
d’acteurs assurant les risques",6.0
331,"Une meilleure diversité des offres car il semble que les assurances assurant les collectivités se
réduisent drastiquement entrainant un niveau élevé de cotisations.",
332,,7.0
333,,9.0
334,"Une gestion de l’assurance dommages aux biens par l’Etat avec le paiement d’une cotisation
annuelle par chacune des collectivités",4.0
335,"Nous avons lancé le MAPA en proposant une solution de base et 2 variantes avec des niveaux
de garanties différents afin d’essayer d’éviter l’infructuosité. Malgré tout, nos tarifs ont été
multipliés par 6 en Dommages aux biens et un seul assureur a répondu à la consultation.",8.0
336,"juste un problème de tarification des différents contrats d’assurances souscrits, avec des
augmentations au-delà des règles et non-négociables auprès de Groupama. les compagnies
d’assurances font des propositions alléchantes au niveau des tarifs des contrats (Groupama-
Allainz-Groupama ces dernières années) et une fois le contrat signé, pratiquent des augmen-
tations de tarifs non négociables et imposées dès l’année suivante. a votre disposition pour
vous donner les éléments. mborrewater@lemaisnil.fr, tel : 03 20 50 24 11 , portable : 06 11
61 93 23",9.0
337,Dénonciation du contrat d’assurance.,1.0
338,,8.0
339,"Plutôtqu’une solution, un souhait! = queles assureursréduisentles montants desfranchises
98",7.0
340,,6.0
341,"Quelles assument leurs responsabilités et quelles ne cherchent pas à s’en exonérer pour divers
prétextes fallacieux. Nous avons un litige à 300000€ avec Groupama et nous avons saisi le
médiateur des assurances. Une partie des difficultés vienne des cabinets d’expertises dont
parfois nous pouvons douter de la compétence.",3.0
342,"Encadrement des augmentations des primes d’assurance pour les collectivités. Arrêter le
“chantage” : vous pouvez résilier votre contrat sinon votre prime sera augmentée de manière
substantielle.",
343,,4.0
344,"Meilleur respect de la commande public et du jeu de la concurrence.
100",4.0
345,,8.0
346,,8.0
347,,9.0
348,"Il me semble important d’élaborer une cartographie des risques pour chaque Bâtiment con-
cerné. Au vu du résultat de la cartographie , le bâtiment pourrait être restauré sous réserve
que l’assureur accepte de le prendre en charge à un tarif acceptable. Dans le cas ou le
risque s’avère majeur (ex : risque d’inondation ou d’éboulement très élevé), la collectivité s’
auto-assure ou engage une procédure de démolition.",8.0
349,Un partenariat plus poussé serait judicieux.,1.0
350,,8.0
351,,9.0
352,"simplification pour les assureurs , ce qui rendrait plus attractif le domaine des Collectivités
Territoriales, ce qui permettrait d’ouvrir la concurrence. Et dans ce cas faire des appels
d’offres serait valable.",4.0
353,,8.0
354,"Je ne sais pas la solution, mais suite à la résiliation de notre assurance, pour 2024 nous avons
dû souscrire un nouveau contrat dommages aux biens. Avant, nous étions sur 15 à 20 000€
par an pour cette assurance. Lors de notre marché, nous n’avons eu qu’une seule réponse
de Groupama. Par contre, le prix proposé à fortement augmenté. Pour l’offre de base,
la cotisation annuelle était de 123 000€. Nous avons pris l’offre avec l’option de franchise
tempête qui passe de 1 000€ à 10 000€ pour une cotisation annuelle de 53 000€.",5.0
355,"envisager une mutualisation de contrat d’assurance au niveau des com de com...... une
obligation de revoir tous les deux ou trois les contrats d’assurances dans leur globalité",9.0
356,,8.0
357,"nous tentons de mettre en place un groupement de commande avec les communes membres
de l’interco, pour les aider et avoir un potentiel de commande plus important",7.0
358,,8.0
359,"Actuellement nous possédons plusieurs contrats pour protéger les bâtiments, les véhicules,
les cyberattaques etc.. Il serait plus intéressant de créer un contrat unique qui regroupe tous
les risques potentiels d’une collectivité adaptable en fonction de la collectivité
104",10.0
360,"Mutualisation des contrats pour les communes situées dans une même strate en nombre
d’habitants. Avoir une concurrence beaucoup plus développée. Imposer par un texte de loi
aux assureurs de couvrir les dégâts (dégradations) dans les cimetières communaux.",8.0
361,,
362,,7.0
363,"Encadrer nationalement et simplifier la rédaction des contrats d’assurances au lieu de laisser
chaque organisme assureur noyer l’assuré sous un fatras de clauses pour la plupart difficile-
ment compréhensibles en pratique",5.0
364,,
365,"UN ENCADREMENT NATIONAL DES CONTRATS D’ASSURANCES DES COLLEC-
TIVITES ET UNE CERTIFICATION DES ASSUREURS / UN FONDS NATIONAL DE
GARANTIE POUR L’AUTO ASSURANCE ?",7.0
366,Expertise accessible indépendante,5.0
367,Être conseiller par les instances de l’AMF ou les communautés de communes,9.0
368,,8.0
369,,4.0
370,,9.0
371,,5.0
372,,5.0
373,,8.0
374,"Obligationdeprisesenchargeparlesassurancespourlescollectivités,avecclausederevoyure
si le nombre d’incidents augmente",7.0
375,,9.0
376,"L’assureur de la collectivité devrait fournir un état annuel détaillé des bâtiments, biens,
matériels et risques couverts par l’assurance et venir chaque année à la rencontre de la
collectivité pour vérifier s’il y a évolution en plus ou en moins. L’assurance de la Commune
devrait davantage accompagner la collectivité dans la déclaration de sinistre. Exemple :
108
Locataire décédé dans un appartement communal fermé de l’intérieur = les pompiers ont
tenté d’entrer par la porte et l’ont dégradé sans parvenir à ouvrir et ils ont cassé une fenêtre
pour entrer et l’assurance ne prend en charge que la vitre soit 120 € alors que la réparation
de la porte a couté 250 € et la perte de loyer liée au délai de réparation de 4 mois est de 1820
€. L’assurance a même proposé à la commune de ne pas établir de dossier d’indemnisation
!!",6.0
377,,8.0
378,"Négocier et fixer à l’échelle nationale le contenu des conditions générales des contrats
d’assurances aux biens",5.0
379,"- Analyse des risques : Les collectivités devraient procéder à une analyse approfondie des
risques pour mieux comprendre leurs besoins en assurance et adapter leur couverture. -
Utilisation de la technologie : Les outils tels que les logiciels de gestion des risques peuvent
aider les collectivités à identifier, évaluer et gérer efficacement les risques, pour réduire les
coûts d’assurance à long terme. - Assurer une formation adéquate au personnel sur les
questions liées à l’assurance et à la gestion des risques pour contribuer à réduire les incidents
et les réclamations. - Les collectivités de même strate pourraient former des alliances pour
négocier des contrats d’assurance en groupe et leur permettre d’obtenir des tarifs grâce à
un pouvoir de négociation accru. - Investir dans des mesures de prévention des risques
telles que la sécurité publique, l’entretien des infrastructures et la réduction des risques
environnementaux peut contribuer à réduire les sinistres et les coûts d’assurance associés. -
Lobbying et plaidoyer politique : Les collectivités pourraient s’engager dans des efforts de
lobbyingetdeplaidoyerauprèsdesautoritéslocales, régionalesounationalespourobtenirun
soutienfinanciersupplémentaireoudesmodificationsréglementairesquipourraientaméliorer
109
leur situation en matière d’assurance.",7.0
380,,9.0
381,,6.0
382,,4.0
383,"Mise en place d’une sorte de bonification pour les collectivités qui n’ont pas ou très peu
de sinistres sur la durée des contrats. En 2023, la commune a connu une augmentation de
ses contrats de près de plus de 60% sur l’ensemble de ses lots. Mais aussi, mise en place
d’un “tableau de bord type carnet de sécurité” , sorte de guide de bonne conduite de la
collectivité démontrant et incitant la collectivité à prendre en compte la notion du risque
par anticipation. Formation et ingénierie (audit) d’aide à la contractualisation Groupement
de commandes, mutualisation",9.0
384,,
385,"Que l’Etat prenne le relais des assureurs en cas d’émeutes, ou d’un risque très largement
répandu sur le territoire national. Qu’une taxe soit appliquée sur les profits des assureurs
pour alimenter un fonds de secours.",4.0
386,,10.0
387,,8.0
388,,7.0
389,"Le coût annuel de notre cotisation assurance sur les dommages aux biens a triplé, suite à
arrivée à échéance de l’ancien contrat. GROUPAMA, après un 1er refus, s’est finalement
réengagé in-extremis avec notre commune. De plus, les franchises ont également triplé. Je
souhaite que l’Etat prenne en compte ce dossier afin que nos communes aient d’une part
112
déjà le choix d’une assurance, et d’autre part que le coût exorbitant des cotisations en soit
fortement réduit.",3.0
390,,9.0
391,"alléger la réglementation de la commande publique permettant d’attribuer l’ensemble des
risques au même assureur",4.0
392,,9.0
393,,8.0
394,,7.0
395,"Il est difficile de se prononcer lorsque notre assureur remplit sa mission vis à vis des contrats,
ce qui est le cas pour notre commune, Chaque nouveau bien ou modification de bien est
examiné par notre référent assureur Une mise à jour annuelle du contrat est également faite
avec lui",10.0
396,Je n’ai pas de solution.,4.0
397,"Un assureur national public
114",5.0
398,"Instaurer soit une obligation d’assurances (comme les véhicules), des assurances gérées et
garanties soit par l’Etat ou les collectivités",3.0
399,,7.0
400,Avoir des organismes assurances certifiés pour le domaine public.,8.0
401,"Lescollectivitéspourraientprendreenchargeleurpetitssinistres, cequipourraitpotentielle-
mentpermettredefairebaisserlemontantdescotisations. Lessinistresissusdecatastrophes
naturelles, violences urbaines etc pourraient être pris en charge par l’Etat au moyen d’un
fonds de garantie. Les assureurs quant à eux, pourraient proposer des garanties intermédi-
aires. Cette répartition pourrait ainsi être définie au préalable.",7.0
402,,10.0
403,"Gestion des contrats d’assurances par les communauté de communes. Contrat global et
même assureur sur l’ensemble des communes de la communauté de communes.",2.0
404,"Les communes sont essentielles pour le bon fonctionnement de l’Etat et de la République.
Les ressources sont toujours en diminution. Les sinistres dont elles ne sont pas responsables
ne devraient pas augmenter leur taux de sinistralité. L’auto-assurance n’est semble-t-il pas
une solution pour les petites communes. Un régime “spécial” pourrait être créé pour les
communes, il s’agit de l’intérêt général pour leurs biens, payés par tous les concitoyens au fil
des années, et pour les forêts, d’une ressource qui souffre déjà par les différentes sécheresses,
et liée au territoire.",6.0
405,je ne sais pas,9.0
406,Mise en place d’un fond de garantie par l’Etat ?,9.0
407,"Les assurances ont baissé leurs cotisations et franchises au maximum ces dernières années
afin de répondre aux demandes des marchés et de résister à la concurrence. Au point, qu’à ce
jour, elles se retrouvent étranglées et n’ont plus les reins pour faire face aux aléas autres que
ceux connus jusqu’alors. Ces aléas nous empêchent de trouver un assureur: les dégâts liés
aux émeutes et les dégâts liés à la météo. les collectivités n’ont pas de leviers pour contrer
ces aléas mais nous pourrions les assurer sans ces 2 facteurs ce qui soulagerait les assureurs.
L’état formerait, en complément, une alliance avec les assurances pour prendre en charge les
2 facteurs à risques bloquants.",8.0
408,,7.0
409,,8.0
410,,8.0
411,"117
Mise en place d’une médiation",7.0
412,,9.0
413,L’augmentation prévue est de 23 % c’est énorme pour petite commune.,9.0
414,,8.0
415,Que l’Etat soit le garant des collectivités et supplée les risques en ayant un fond de secours,8.0
416,"Face aux risques climatiques rien à faire si ce n’est que respecter les réglementations environ-
nementales. Pour les autres risques faire appliquer et respecter les lois car trop de laxisme
conduit à anéantir ce nous avons mis tant d’années pour obtenir.",8.0
417,Assurance d’état,1.0
418,,8.0
419,"- l’Etat doit assurer les dommages liés aux émeutes et aux mouvements de foule. La sécurité
publique est une mission régalienne assurée par l’Etat. Lorsque cette dernière est en échec
l’Etat doit en porter la responsabilité y compris financière. Il convient de noter que ce point
est un élément majeur de tension avec les assureurs privés, et l’une des raisons de la remise
en question de l’équilibre des contrats actuellement. - La création d’une mutuelle spécifique
aux collectivités territoriales à l’image des mutuelles existantes pour les particuliers; Cette
mutuelle portée par l’Etat et les collectivités territoriales pourrait complétement s’adapter
auxrisquesspécifiquesdescollectivitésetainsiproposeruntarifjusteetéquitablepermettant
d’avoir une assurance à minima pour le service public.
119",5.0
420,Une assurance mutualisée pour les 35000 communes plutôt que des assurances privées ?,1.0
421,,7.0
422,,10.0
423,,9.0
424,,8.0
425,"Les collectivités doivent connaitre parfaitement leur patrimoine. Avoir une vraie gestion du
risque comme pour le secteur privé. Accepter d’avoir des franchises plus importantes, et
éventuellement des primes plus importantes certains dégâts notamment liés au changement
climatique devraient être couverts par l’Etat
121",8.0
426,"- assouplir les règles du code des marchés publics - mieux définir les besoins par une meilleure
connaissance du patrimoine - intégrer la culture du risque dans les collectivités",
427,"Prise en charge de vidéo surveillance pour les enquêtes de dégradation/vol/etc. Avoir un
état des lieux d’un expert sur la valeur des biens (locatifs, églises, forêt, etc.) lors de
l’établissement du contrat d’assurance. Mise a jour obligatoire du registre communal en
fin de mandat.",1.0
428,"Quelesassurancesassumentleurcontrats! Lorsquelepréfetdéclareunvillageencatastrophe
naturelle, l’assurance cherche principalement, par des expertises, à se désengager alors que
le problème a été reconnu par arrêté ministériel .
122",
429,Une assurance spécifique contrôler par l état,3.0
430,,7.0
431,Un accompagnement des collectivités par les services de la Région ou du Département.,8.0
432,,8.0
433,,8.0
434,,
435,,5.0
436,,10.0
437,,8.0
438,,6.0
439,"Améliorer la concurrence des assureurs notamment en matière de dommages aux biens ou
créerunassureurspécifiquepourlescollectivitésterritoriales. Assouplirlesrèglesdemarchés
publics. Créer un fond d’aide pour les collectivités ayant une importante franchise sur
certaines garanties. Former d’avantage les élus et agents, et notamment à la mise en place
de politique de prévention.
124",6.0
440,Une assurance porte par les collectivités et l’état spécifique,1.0
441,Rencontre annuelle avec l’assureur pour un état des lieux et mieux comprendre les contrats.,8.0
442,"Un groupement de collectivités Avoir une assurance qui serait dans l’obligation les collectiv-
ités ayant été refusées par d’autres assurances ( Ex Assurance Malus pour les conducteurs)",3.0
443,"Contraindre les assureurs à ne pas dénoncer unilatéralement les contrats et leur imposer de
125
faire une tarification",8.0
444,,5.0
445,Groupement de collectivités,3.0
446,- Qu’ils arrêtent de faire des profits sur notre dos.,6.0
447,"Partager les risques au sein de la collectivité sur un périmètre plus large et restreindre la
possibilité de résiliation unilatérale par les assureurs pendant la période du contrat.
126",6.0
448,,
449,"pourlemomentnousn’avonspasdeproblèmesparticulierssicen’estuneforteaugmentation
descotisationspour2024dueaufaitqu’en2023nousavonssubiplusieursactesdevandalisme
sur les biens publics et de violents orages de grêle qui ont détruit des toitures, des vitres de
nos bâtiments publics.",8.0
450,"Le syndicat (gémapien) fonctionne sans RC. L’auto assurance de dégâts de crues habituelles
ou torrentielles (montagne) est inenvisageable. Assurance par l’Etat de la compétence
Gemapi ?",
451,,9.0
452,"Le gouvernement doit engager des négociations avec les compagnies d’assurance pour assurer
127
quelescollectivitésreçoiventdesoffrescompétitives. Parailleurs,larénovationdubâtipublic
et notamment son adaptation au changement climatique doit être mieux subventionné",5.0
453,,10.0
454,INTERVENTION ETAT,1.0
455,"La Ville de Saint Jean de Maurienne bénéficie actuellement de contrats dans le cadre d’un
groupement de commandes. Ce marché prend effet au 31/12/2024. Un nouveau groupement
a été constitué et les services travaillent actuellement à la définition des besoins. Il faut à
mon sens, encadrer les possibilités de variation des contrats souscrits par les assureurs. ex :
la SMACL impose aux membres du groupement sur le contrat en cours, une majoration de
25% de la prime Dommages aux biens et 15% sur alors que les actions de préventions ont été
engagées). Il faut que le dialogue existe entre les contractants. Il faut limiter les possibilités
de résiliation offertes aux assureurs.",5.0
456,"La 3CMA bénéficie actuellement de contrats dans le cadre d’un groupement de commandes.
Ce marché prend effet au 31/12/2024. Un nouveau groupement a été constitué et les services
travaillentactuellementàladéfinitiondesbesoins. Ilfautàmonsens,encadrerlespossibilités
de variation des contrats souscrits par les assureurs. ex : la SMACL impose aux membres du
groupement sur le contrat en cours, une majoration de 25% de la prime Dommages aux biens
et15%suralorsquelesactionsdepréventionsontétéengagées). Ilfautqueledialogueexiste
entre les contractants. Il faut limiter les possibilités de résiliation offertes aux assureurs.",5.0
457,"Consensus Etat / assureur pour prendre en charge en commun les indemnisation , l’un par
des garanties l’autre par des aides afin de réduire l’incertitude",8.0
458,Prise en charge de l’assurance par l’Etat pour les risques naturels,5.0
459,,2.0
460,,9.0
461,,7.0
462,"Ne pas être dans l’obligation de lancer une procédure marché, mais pouvoir consulter les
assurances directement. Certaines compagnies trouvent cela contraignant de devoir répondre
à une procédure marché même MAPA Il n’y a pas de concurrence entre assureur. Exemple
si vous êtes assuré par Groupama en dommage aux biens, lors d’une nouvelle consultation
la SMACL où autre compagnie ne répondra pas.
130",5.0
463,"Créer un organisme d’assurance par les collectivités et pour les collectivités, sur un principe
équivalent à l’Agence France Locale, de manière à ce que chaque collectivité puisse s’assurer
avec des cotisations raisonnables ou que l’Etat assure les collectivités avec une cotisation
proportionnelle à la taille et à la particularité de la collectivité.",4.0
464,,8.0
465,,3.0
466,Baisser le prix de la cotisation annuelle,7.0
467,"Mise en place d’une solution nationale négociée par les services de l’Etat, voire les Régions
132",4.0
468,"L’Etat devrait contraindre les compagnies d’assurance à harmoniser les contrats avec des
cotisations plafonnées. Les compagnies pourraient être amenées à créer un fond de garantie
sous caution de l’Etat, ce qui pourrait aboutir à un système de péréquation tarifaire.",1.0
469,UNE AIDE DE JURISTE,1.0
470,,7.0
471,,8.0
472,prise en charge par l’état en cas d’émeute,4.0
473,,9.0
474,,7.0
475,,8.0
476,"Imposer à tout assureur ayant résilié unilatéralement son contrat, sans motif fondé, de re-
nouveler rétroactivement la DAB",5.0
477,,9.0
478,,
479,,9.0
480,"supprimer les petites paragraphes en bas de page qui exclues toutes les situations qui feraient
que vous puissiez être indemnisé et que de ce fait vous ne l’êtes pas
136",1.0
481,,3.0
482,,8.0
483,,7.0
484,"faire des groupements de commande afin d’avoir des tarifs plus favorables et des compagnies
qui conseillent et accompagnent plus la collectivité",7.0
485,,8.0
486,"Plus de transparence quant aux tarifs des compagnies d’assurance.
137",8.0
487,,5.0
488,"Une vraie mutualisation via l’Intercommunalité...Conseil, comparaison Une auto assurance
via l’État",7.0
489,"IL faudrait que les assureurs fassent un audit régulier de nos bâtiments et infrastructures
afin de mettre en concordances les propositions de contrat avec la réalité de nos bâtis. Trop
souvent un état vétuste est reconnu par la compagnie lors d’un sinistre ce qui engendre un
faible remboursement.",8.0
490,,8.0
491,"La solution la plus efficace serait que les assureurs acceptent d’assurer les collectivités, sans
leur imposer de conditions spécifiques et une augmentation du montant des primes fondées
uniquement sur leur statut de personne publique.",3.0
492,,7.0
493,"Mise en place d’une structure garantissant de trouverun assureur pour un pannel de risque
(incendie notamment) à l’instar du risque automobile",3.0
494,,10.0
495,"- Responsabilisation des élus avec franchise sinistre incitative - Fin des franchises 0 euros.
- Fonds de concours de l’Etat pour les collectivités particulièrement exposées à des risques
majeurs.",10.0
496,"que la loi impose à tous les assureurs d avoir un pourcentage de contrats de collectivités dans
leur portefeuille
140",5.0
497,"je n’ai pas de solution à proposer, l’assurance auprès d’une compagnie telle Groupama sem-
blant le plus raisonnable si les coûts restent raisonnables",9.0
498,,5.0
499,,10.0
500,"Ne pas comptabiliser dans la sinistralité les dommages imputables à un tiers identifié et
assuré",7.0
501,,7.0
502,,8.0
503,"un accompagnement de l’État pour les sinistres “évènements climatiques”, mutualisation
des risques entre plusieurs communes dans un contrat d’assurance avec l’intervention de
communautés de communes, d’agglo, outils financiers pour investissement sur amélioration
des bâtiments, abaisser les montants des franchises,
142",6.0
504,,7.0
505,,7.0
506,,8.0
507,,6.0
508,"Que l’Etat couvre les risques comme il le fait déjà pour lui même nous éviterait de payer
une assurance",9.0
509,Création d’un système assurantiel public pour pallier la défaillance des assureurs privés,5.0
510,,7.0
511,,9.0
512,,10.0
513,,8.0
514,,8.0
515,,9.0
516,"négociation par secteur et adhésion en groupe avec tarifs négociés comme certaines mairies
le font pour leurs administrés, il pourrait s’agir de la part du département ou de la région
de tarifs et contrats négociés avec les sièges d’assureurs ; proposer une formule de 3 ou 4
assureurs avec 3 ou 4 niveau d’assurance et que chaque commune choisisse la formule la
mieux adaptée pour elle;
144",8.0
517,"Les assureurs devraient avoir des obligations protectrices envers les collectivités territoriales
commelesnôtres. Nousnepouvonspasêtreprisenotagesetfinancièrementmalmenés, notre
mission étant de gérer les communes au services des administrés. Nous sommes aujourd’hui
en danger, l’état doit nous assurer aide et protection en contraignant les assureurs à un
service minimum.",3.0
518,,8.0
519,"Une société d’assurance spécifique aux communes agréée et cautionnée par l’Etat Une société
privée qui proposerait un partage du risque financier pour disposer au moins de garanties
de base. L’obligation pour les compagnies privées d’assurer les communes, sous certaines
conditions (Franchise, part d’auto assurance...).",3.0
520,"Plus d’offres pour rééquilibrer la relation assurance-assuré : explosion des prix, possibilité
de changer d’assurance Plus de possibilités d’indemnisations hors assurance
Toutefois, il est regrettable que ce questionnaire ne soit pas suffisamment détaillé et précis
pour exposer les problèmes rencontrés selon les catégories d’assurance et les types de dégâts
occasionnés. En effet, nos réponses ne peuvent donc pas refléter la réalité et être considérée
comme exhaustive.
146",6.0
521,"Ouvrir la possibilité d’une négociation de gré à gré avec un cadrage national des tarifs liés à
l’exposition des biens",5.0
522,"Question difficile à laquelle je ne sais pas répondre . L’assureur MAIF nous amis à la porte
sans explication ; c’est son droit . Nous avons choisi la SMACL qui est la seule à nous avoir
fait une proposition concrète et raisonnable.",9.0
523,"suite au courrier de résiliation reçu fin 2023, nous avons sollicité notre AMO afin de nous
aider. Seul AXA a accepté de nous assurer. le plus complexe reste la responsabilité et le
dommageauxbiens. noussommesunecommuneenproieauxrisques(inondations, nationale
7...) ce dont nous sommes conscients. il faut aussi noter que notre sinistralité provient
d’accident causés par des tiers.",8.0
524,"une assurance d’état pour les collectivités territoriales (cela permettrait des économies
d’échelle, surtout pour les toutes petites communes qui ont parfois un trop gros patrimoine
pour leur taille)",
525,"Disposer de contrats groupés entre collectivités, éventuellement gérés par le centre de ges-
tion. Le syndicat que je représente ne trouve pas d’assureur en dommage aux biens, car il
est identifié comme relevant des activités “déchets”. En outre, nous ne possédons qu’un seul
bâtiment, ce qui ne nous rend pas assez attractif pour les assureurs.",3.0
526,"Avoir des compagnies d’assurances honnêtes Visiter avec eux tous les bâtiments à assurer et
en détailler les risques leur fournir au fur et à mesure toutes les factures liées aux travaux
réalisés par la commune pour améliorer la qualité des bâtiments
148",7.0
527,,5.0
528,Contraindre les assureurs à assurer les collectivités,3.0
529,"Comme cela existe dans le secteur privé, il pourrait être créer une captive d’assurances
pour les collectivités. Par exemple, on peut imaginer une captive mutuelle d’assurances à
l’échelle départementale pour toutes les collectivités territoriales de la Vendée. Cette captive
permettrait d’introduire des mécanismes d’auto-assurances.
Il pourrait également être créer une imputation comptable spécifique permettant aux collec-
tivités de provisionner année après année les risques de préjudices.",5.0
530,Un cadre légal et l’obligation d’assurance pour les collectivités,5.0
531,"Les assureurs se désengagent compte tenu de la hause de la sinistralité en France, mais est
ce de la seule responsabilité des assureurs d’en assumer les conséquences et elles ne le feront
pas sans y être contraintes. On confronte ici la réalité économique de groupes financiers à
des besoins de services publics en forte augmentation, le modèle est sans doute à revoir. Je
ne connaissais pas le principe de l’auto-assurance, mais il mérite d’être étudié, la collectivité
devant assumer ses responsabilités en matière de risques collectifs.",5.0
532,,3.0
533,,
534,"Sortir le champ des assurances du formalisme lié aux marchés publics, tout en le maintenant
dans un champ concurrentiel. Développer l’offre concurrentielle pour l’assurance aux collec-
tivité, trop limitée à quelques assureurs spécialisés, ce qui fait porter les risques uniquement
sur un nombre trop limité d’assureurs, d’où le refus de plus en plus fréquent de leur part
pour assurer ou à des conditions exorbitantes.
150",5.0
535,"Proposer aux assureurs d’utiliser leurs fonds propres pour limiter l’augmentation des cotisa-
tions ou accepter d’assurer les communes. Que les assureurs mettent en place des “bonus”
pour les collectivités attentives à leurs risques et/ou proposent des incitatives pour aider les
collectivités à mieux gérer leurs risques.",8.0
536,,7.0
537,"Mise en place d’une caisse d’assurance publique à destination exclusive des collectivités,
notamment de celles refusées par les compagnies d’assurances privées.",8.0
538,"- améliorer grâce à une assistance la gestion des risques et biens, - adapter les garanties au
contexte de risque local par des franchises par exemple au lieu de refuser le risque, afin de
favoriseruneformed’autoassurancepartielle-favoriseruneapproched’analysederisquelors
des consultations permettant d’adapter les réponses au contexte spécifique de la collectivité,
quitte à exclure certains biens, afin d’éviter un rejet total du risque et une infructuosité de
la consultation : adaptation code commande publique",8.0
539,"151
Avoir un seul contrat type pour l’ensemble des collectivités territoriales avec options en
fonctions des risques. Lancer un appel d’offre groupé.
152",7.0
540,,4.0
541,,9.0
542,,9.0
543,"Un bien UNESCO devrait être pris en charge par l’État qui s’engage lorque que le site ou
bâtiment est inscrit au Patrimoine Mondial de l’UNESCO Une petite commune, propriétaire
du site, n’a pas les moyens financiers de prendre en charge une assurance hors de prix Abbaye
de Saint-Savin sur Gartempe 86310",1.0
544,,10.0
545,,7.0
546,,2.0
547,"Auto assurer les petits sinistres même au delà des franchises supportables par le budget de
chaque commune. ne laisser que les sinistres importants à la charge des assureurs. Pour les
catastrophes naturels il faut être vigilant quant à la soutenabilité du régime d’indemnisation
des catastrophes naturelles qui s’est vu fortement solliciter. Attention aux fortes averses de
grêles qui selon mes souvenirs d’ancien assureur ne sont pas prises en cmpte dans le régime
cat’nat.",
548,"Nous nous trouvons aujourd’hui dans une situation inédite. Lorsque nous avons la chance
d’avoir des réponses, certains acteurs se trouvent en situation de quasi-monopole et en
adoptent les comportements (prix multipliés par 3 à 4 et conditions techniques très dé-
gradées). L’appel d’offres lancé en Septembre 2023 par JAUNAY MARIGNY, n’a pas
échappé à cette tendance alors que la sinistralité de la collectivité était très faible. L’Etat
doit garantir un élargissement de l’offre assurantielle en créant un fonds de secours pour les
sinistres liés aux événements climatiques. Les dommages aux biens induits par des événe-
mentsexceptionnels(émeutes, vandalisme...) doiventtrouverquantàeuxd’autressolutions
(planification urbaine, mesures sociales, mesures de prévention et de sécurisation, vidéopro-
tection...) afin d’être évités et circonscrits.
Recourir à un inventaire des risques par bâtiment n’est pas une bonne solution. Cela ne fera
que créer une charges supplémentaire alors que les collectivité sont déjà tenues de respecter
de nombreuses règlementations afin de garantir la sécurité de leur équipements. Cela ne
154
rassurera pas plus les assureurs en quête de profit. Nous étions accompagnés dans notre
procédure en fin d’année et cela a déjà été évoqué comme une alternative (payante en sus) !
155",
549,"Former les agents afin d’éviter les petites déclarations de sinistres (jet accidentel de cailloux
sur des véhicules lors de l’utilisation de rotofil, soin apporté à la préparation de chantiers,
...",9.0
550,,9.0
551,"Tarifs appropriés
156",3.0
552,,
553,,5.0
554,,5.0
555,Gérer par les communautés de communes,9.0
556,Je ne sais pas du tout.,5.0
557,"157
Nous avons souscrit un nouveau contrat au 1er janvier 2024 qui nous a permis de diviser par
2 le coût et obtenir de meilleures garanties, chez Groupama",3.0
558,"pas ou peu de discussions possible avec la CIADE car le conseil d ’administration avait
délibéré en amont. Aucune discussion possible. Impossible de discuter. Le seul choix : payer
30% supplémentaires ou partir. Pas de prise en compte des types de sinistres postérieur.
Notre cas été traité par un logiciel et pas par des personnes. On a travaillé sans filet pour
quitter la CIADE au 31 décembre alors que le personnel de la CIADE était en vacances.",4.0
559,,7.0
560,créer un dispositif de groupement pour optimiser,7.0
561,"Peut être regrouper les contrats des communes chez un assureur commun pour négocier un
tarif plus intéressant et mutualiser les risques et les répartir par groupe d’assureur ?",10.0
562,"Que ce soit une compagnie d’assurance sous tutelle de l’état qui couvre les risques des
collectivités. Cotisation uniformisée, basée sur les valeurs réelles des biens couverts. Au
delà du patrimoine cette assurance devrait également couvrir le risque des collectivités qui
disposent de flottes de véhicules, bus, et autres. Les compagnies actuelles souscrivent les
contrats et très rapidement (même sans sinistre) appliquent des revalorisations importantes
158
du montant des primes et/ou résilient les contrats.
159",9.0
563,Une formation des élus,6.0
564,,8.0
565,"Faire plus de prévenions auprès des agents et des administrés pour limiter les sinistres.
160",8.0
566,"Les contrats d’assurance sont difficiles à comprendre alors nous avons toujours l’impression
de ne pas bien maîtriser le sujet.
Je viens de changer de compagnie car la CIADE m’a indiqué une augmentation de 18% de la
cotisation, j’ai gagné 600 euros avec Groupama pour un contrat qui me revient maintenant
à 1600 euros. Écart important, cependant en 2018 la CIADE était mieux placée.",9.0
567,,4.0
568,"Manque de connaissances mutuelles entre les collectivités et les assurances vis à vis de la cul-
turedurisque(formationsdelagestiondurisqueetréflexionsurexpositionaurisque). Flotte
auto : optimisation du nombre de véhicule et de la couverture assurantielle. Développement
du car sharing entre services et développement de l’utilisation des transports en commun en
milieu urbain. Mise en place d’un service assurance commun dans les centre de gestion. En
cas de refus d’assurance, provisionner le risque dans les budgets.",9.0
569,,8.0
570,Une assurance de l’état du département ou de la région en interne.,7.0
571,"L’antériorité des remboursements due aux sinistres la négociation et un RDV (refus de
groupama) l’obligation que ttes les assurances puissent assurer les collectivités territoriales",1.0
572,,
573,"Pour notre collectivité les grands groupes d’assureur devraient mettre à disposition un inter-
locuteur privilégier Facilement consultable. Les centre d’appel et communication par mail
ne rende pas la tâche facile.",
574,"Un groupement de prestations pourrait être réalisé sur plusieurs communes de nombre équiv-
alent d’habitants",7.0
575,"Le coût des assurances a augmenté de près de 17 % pour notre commune rurale. Cette
augmentation est en partie liée à l’augmentation des dégradations de biens qui ont eu lieu
dans les grandes villes, ainsi que le nombre des incendies et des inondations qui sont liés
au changement climatique en France. Cependant, notre petite commune rurale du sud de
l’Essonne n’est pas exposée à ses risques, cependant elle en supporte les coûts comme toutes
les autres communes, ce qui est d’autant plus injuste que ses ressources financières sont
moindres.",7.0
576,,8.0
577,"Avoir un interlocuteur unique par collectivité faciliterait les choses (actuellement interlocu-
teurs multiples et le traitement - qualité, rapidité... - dépend du gestionnaire) Clarifier
les contrats (actuellement beaucoup trop d’observations et d’exclusions par l’assureur par
rapport aux clauses des marchés
163",7.0
578,,2.0
579,"Mutualisation des contrats Titrisation des risques entre collectivités Assurance des gros
risques uniquement (bâtiments les plus importants et/ou les plus récents) Création d’un
fonds “émeutes” type catastrophes naturelles",5.0
580,"Davantage d’opérateurs, privés ou publics, sur le marché assurantiels des collectivités ; des
moyens et financements complémentaires dédiés à l’entretien du patrimoine des collectiv-
ités territoriales ; l’interdiction pour un assureur de modifier ou résilier un contrat s’il ne
justifie pas qu’une telle mesure est strictement liée à la sinistralité du sociétaire; obliga-
tion d’information renforcée à la charge des assureurs sur l’état des provisions et indemnités
versées
164",3.0
581,,5.0
582,"passer en procédure de marché négocié a minima
165",5.0
583,,4.0
584,"Il faudrait obtenir des réponses lors des appels d’offres ou au moins lors des consultations de
gré à gré.
Ne pourrait on pas envisager l’existante d’une assurance commune à toutes les administra-
tions publiques ou au moins à toutes les collectivités publiques d’une même communauté
d’agglomération ou communes.",1.0
585,groupement de commandes franchises élevées,9.0
586,"assurance d état pour les émeutes et risque naturels , car ce sont celles-ci qui ont déclenché
le mouvement de recul des assureurs",5.0
587,Aide à l’analyse des biens à assurer,8.0
588,"Les collectivités relèvent à la fois du Code de la commande publique et du Code des assur-
ances ce qui peut poser des problèmes d’appréciations (divergence entre les textes). Il serait
peut-être judicieux de prévoir des dispositions spécifiques aux collectivités. La faculté de
résiliation des assureurs est trop souple. Il faudrait prévoir un délai plus important afin de
permettre aux collectivités de lancer une nouvelle consultation afin de trouver un nouvel as-
sureur. Il est également souhaitable de prolonger les contrats des collectivités. Les marchés
sont conclus pour une durée de 4 ans afin de permettre de relancer la concurrence et de
ne pas contracter systématiquement avec le même acteur. Or, en matière d’assurance, la
concurrence est faible voire inexistante (beaucoup d’appel d’offres infructueux ou très peu
d’offres). Une durée plus longue peut donc être envisagée.",6.0
589,,10.0
590,,5.0
591,,8.0
592,Être intégré à un groupement de commande.,5.0
593,pouvoir se regrouper pour avoir un meilleur contrat et une meilleure couverture des risques,7.0
594,"Aujourd’hui manque de prestataires sur le marché donc difficultés à négocier. Les collec-
tivités n’étant plus rentable pour les assureurs, il n’y a plus de possibilité de négocier. En
conséquence, seul le service public pourrait assurer les collectivités.
168",
595,"Mutualisation des moyens /Intégration au sein des EPCI Des échanges avec les représentants
des métiers des assurances sur les contraintes des collectivités Contractualiser l’assurance sur
plusieurs années (6 ans )",7.0
596,"La création d’un établissement d’auto-assurance des collectivités
169",5.0
